{
  "type": "FeatureCollection",
  "features": [
    {
      "type": "Feature",
      "geometry": {
        "type": "MultiPolygon",
        "coordinates": [
          [
            [
              [
                8.577751,
                9.499241
              ],
              [
                8.580128,
                9.495584
              ],
              [
                8.584311,
                9.49324
              ],
              [
                8.588209,
                9.489301
              ],
              [
                8.595529,
                9.485926
              ],
              [
                8.601424,
                9.483394
              ],
              [
                8.60266,
                9.48255
              ],
              [
                8.602242,
                9.476547
              ],
              [
                8.602419,
                9.472694
              ],
              [
                8.605118,
                9.466743
              ],
              [
                8.607571,
                9.464002
              ],
              [
                8.608116,
                9.461351
              ],
              [
                8.608413,
                9.459908
              ],
              [
                8.6089,
                9.457538
              ],
              [
                8.609591,
                9.456014
              ],
              [
                8.613192,
                9.448076
              ],
              [
                8.617661,
                9.434761
              ],
              [
                8.619673,
                9.43292
              ],
              [
                8.623696,
                9.429237
              ],
              [
                8.626935,
                9.423431
              ],
              [
                8.627899,
                9.421702
              ],
              [
                8.631833,
                9.419946
              ],
              [
                8.636125,
                9.410484
              ],
              [
                8.636682,
                9.409484
              ],
              [
                8.638226,
                9.406716
              ],
              [
                8.642339,
                9.401108
              ],
              [
                8.648112,
                9.395824
              ],
              [
                8.648375,
                9.395584
              ],
              [
                8.654667,
                9.394302
              ],
              [
                8.656155,
                9.393999
              ],
              [
                8.662516,
                9.3934
              ],
              [
                8.66489,
                9.393177
              ],
              [
                8.669525,
                9.396523
              ],
              [
                8.679407,
                9.391171
              ],
              [
                8.683342,
                9.389415
              ],
              [
                8.687277,
                9.387659
              ],
              [
                8.6913,
                9.383976
              ],
              [
                8.692304,
                9.382607
              ],
              [
                8.695413,
                9.378367
              ],
              [
                8.69561,
                9.374083
              ],
              [
                8.695858,
                9.368734
              ],
              [
                8.692458,
                9.358932
              ],
              [
                8.690725,
                9.355017
              ],
              [
                8.690714,
                9.354993
              ],
              [
                8.689415,
                9.341422
              ],
              [
                8.691426,
                9.339581
              ],
              [
                8.693973,
                9.32618
              ],
              [
                8.694151,
                9.322328
              ],
              [
                8.698086,
                9.320571
              ],
              [
                8.692674,
                9.312609
              ],
              [
                8.689274,
                9.302805
              ],
              [
                8.687529,
                9.298867
              ],
              [
                8.687486,
                9.298654
              ],
              [
                8.684828,
                9.285436
              ],
              [
                8.684396,
                9.283283
              ],
              [
                8.678984,
                9.275322
              ],
              [
                8.671452,
                9.251267
              ],
              [
                8.657807,
                9.207689
              ],
              [
                8.656348,
                9.19708
              ],
              [
                8.654775,
                9.187271
              ],
              [
                8.649805,
                9.173119
              ],
              [
                8.647152,
                9.167615
              ],
              [
                8.641136,
                9.157826
              ],
              [
                8.635703,
                9.146784
              ],
              [
                8.630307,
                9.136967
              ],
              [
                8.624245,
                9.12301
              ],
              [
                8.620715,
                9.114884
              ],
              [
                8.616389,
                9.110832
              ],
              [
                8.609918,
                9.105328
              ],
              [
                8.605247,
                9.100393
              ],
              [
                8.593632,
                9.090567
              ],
              [
                8.586617,
                9.082938
              ],
              [
                8.578966,
                9.073477
              ],
              [
                8.573491,
                9.066705
              ],
              [
                8.57073,
                9.063292
              ],
              [
                8.566833,
                9.060831
              ],
              [
                8.564023,
                9.052246
              ],
              [
                8.566468,
                9.050725
              ],
              [
                8.567724,
                9.049469
              ],
              [
                8.569609,
                9.043986
              ],
              [
                8.575834,
                9.041988
              ],
              [
                8.576348,
                9.034392
              ],
              [
                8.571559,
                9.034216
              ],
              [
                8.568181,
                9.034107
              ],
              [
                8.564012,
                9.032679
              ],
              [
                8.562242,
                9.030166
              ],
              [
                8.562071,
                9.026683
              ],
              [
                8.557604,
                9.025927
              ],
              [
                8.554132,
                9.020359
              ],
              [
                8.547574,
                9.014216
              ],
              [
                8.541092,
                9.010524
              ],
              [
                8.537016,
                9.007325
              ],
              [
                8.533261,
                9.004377
              ],
              [
                8.52172,
                9.001898
              ],
              [
                8.5175,
                9.001214
              ],
              [
                8.514039,
                9.000653
              ],
              [
                8.508943,
                9.000641
              ],
              [
                8.504346,
                9.001431
              ],
              [
                8.500904,
                9.007333
              ],
              [
                8.498587,
                9.011306
              ],
              [
                8.494182,
                9.02364
              ],
              [
                8.493749,
                9.02537
              ],
              [
                8.490658,
                9.037735
              ],
              [
                8.486616,
                9.042787
              ],
              [
                8.481605,
                9.04905
              ],
              [
                8.479083,
                9.052202
              ],
              [
                8.476562,
                9.055354
              ],
              [
                8.474369,
                9.069973
              ],
              [
                8.473919,
                9.072973
              ],
              [
                8.471419,
                9.076597
              ],
              [
                8.469362,
                9.079581
              ],
              [
                8.466702,
                9.083439
              ],
              [
                8.465571,
                9.085078
              ],
              [
                8.462759,
                9.089155
              ],
              [
                8.462334,
                9.089772
              ],
              [
                8.4563,
                9.098521
              ],
              [
                8.454325,
                9.101394
              ],
              [
                8.45224,
                9.104427
              ],
              [
                8.446609,
                9.112617
              ],
              [
                8.441975,
                9.116479
              ],
              [
                8.436968,
                9.120651
              ],
              [
                8.430752,
                9.125832
              ],
              [
                8.429318,
                9.12747
              ],
              [
                8.424395,
                9.133097
              ],
              [
                8.424183,
                9.133339
              ],
              [
                8.419436,
                9.138764
              ],
              [
                8.418418,
                9.139927
              ],
              [
                8.412955,
                9.145179
              ],
              [
                8.401765,
                9.155939
              ],
              [
                8.395513,
                9.161951
              ],
              [
                8.391782,
                9.168169
              ],
              [
                8.389692,
                9.171699
              ],
              [
                8.389399,
                9.172194
              ],
              [
                8.387312,
                9.175717
              ],
              [
                8.381496,
                9.177422
              ],
              [
                8.364568,
                9.181392
              ],
              [
                8.358681,
                9.184295
              ],
              [
                8.35528,
                9.186778
              ],
              [
                8.350369,
                9.189352
              ],
              [
                8.346905,
                9.192081
              ],
              [
                8.345638,
                9.193908
              ],
              [
                8.343294,
                9.194487
              ],
              [
                8.338069,
                9.192403
              ],
              [
                8.336027,
                9.188175
              ],
              [
                8.333977,
                9.185102
              ],
              [
                8.328264,
                9.181126
              ],
              [
                8.318535,
                9.180362
              ],
              [
                8.308826,
                9.186372
              ],
              [
                8.300863,
                9.188508
              ],
              [
                8.289717,
                9.186421
              ],
              [
                8.285063,
                9.184911
              ],
              [
                8.271181,
                9.183148
              ],
              [
                8.258408,
                9.182892
              ],
              [
                8.255974,
                9.160198
              ],
              [
                8.253502,
                9.147245
              ],
              [
                8.232776,
                9.104816
              ],
              [
                8.191895,
                9.052431
              ],
              [
                8.174012,
                9.047072
              ],
              [
                8.155321,
                9.041472
              ],
              [
                8.137571,
                9.036154
              ],
              [
                8.099067,
                9.039675
              ],
              [
                8.066979,
                9.050291
              ],
              [
                8.061647,
                9.052055
              ],
              [
                8.067351,
                9.118146
              ],
              [
                8.070079,
                9.147038
              ],
              [
                8.070798,
                9.154648
              ],
              [
                8.078541,
                9.190477
              ],
              [
                8.087243,
                9.230739
              ],
              [
                8.083456,
                9.236812
              ],
              [
                8.078225,
                9.2452
              ],
              [
                8.078079,
                9.246327
              ],
              [
                8.072849,
                9.252256
              ],
              [
                8.060934,
                9.265762
              ],
              [
                8.044201,
                9.273269
              ],
              [
                8.014919,
                9.284903
              ],
              [
                8.000005,
                9.292876
              ],
              [
                7.997688,
                9.294114
              ],
              [
                7.996665,
                9.294661
              ],
              [
                7.983926,
                9.297851
              ],
              [
                7.940572,
                9.314175
              ],
              [
                7.919087,
                9.317366
              ],
              [
                7.89741,
                9.30592
              ],
              [
                7.872501,
                9.28997
              ],
              [
                7.826798,
                9.276433
              ],
              [
                7.808387,
                9.272846
              ],
              [
                7.79293,
                9.275597
              ],
              [
                7.770025,
                9.292335
              ],
              [
                7.763858,
                9.295858
              ],
              [
                7.751534,
                9.306999
              ],
              [
                7.731189,
                9.326137
              ],
              [
                7.72408,
                9.329255
              ],
              [
                7.720921,
                9.33064
              ],
              [
                7.69297,
                9.349403
              ],
              [
                7.678709,
                9.368352
              ],
              [
                7.670723,
                9.383923
              ],
              [
                7.667491,
                9.401369
              ],
              [
                7.646955,
                9.408685
              ],
              [
                7.61406,
                9.406059
              ],
              [
                7.542094,
                9.387351
              ],
              [
                7.521071,
                9.367551
              ],
              [
                7.520007,
                9.36655
              ],
              [
                7.509101,
                9.355031
              ],
              [
                7.496932,
                9.352405
              ],
              [
                7.473734,
                9.350341
              ],
              [
                7.433763,
                9.34347
              ],
              [
                7.389691,
                9.335894
              ],
              [
                7.378645,
                9.336468
              ],
              [
                7.353585,
                9.337771
              ],
              [
                7.333979,
                9.340772
              ],
              [
                7.289768,
                9.332846
              ],
              [
                7.273703,
                9.329327
              ],
              [
                7.263402,
                9.326585
              ],
              [
                7.249345,
                9.322843
              ],
              [
                7.237034,
                9.319566
              ],
              [
                7.235021,
                9.318508
              ],
              [
                7.233727,
                9.317937
              ],
              [
                7.232257,
                9.317719
              ],
              [
                7.227878,
                9.325762
              ],
              [
                7.222364,
                9.332329
              ],
              [
                7.221484,
                9.372123
              ],
              [
                7.221413,
                9.375293
              ],
              [
                7.219385,
                9.383832
              ],
              [
                7.205061,
                9.444137
              ],
              [
                7.200897,
                9.459821
              ],
              [
                7.218982,
                9.49268
              ],
              [
                7.222987,
                9.495388
              ],
              [
                7.229518,
                9.499804
              ],
              [
                7.251373,
                9.521033
              ],
              [
                7.248482,
                9.535012
              ],
              [
                7.25617,
                9.55898
              ],
              [
                7.284366,
                9.57845
              ],
              [
                7.304463,
                9.597573
              ],
              [
                7.327048,
                9.609675
              ],
              [
                7.325428,
                9.621962
              ],
              [
                7.305647,
                9.627715
              ],
              [
                7.297851,
                9.648898
              ],
              [
                7.288154,
                9.667456
              ],
              [
                7.276365,
                9.689948
              ],
              [
                7.25602,
                9.712627
              ],
              [
                7.22271,
                9.740949
              ],
              [
                7.222238,
                9.741421
              ],
              [
                7.21471,
                9.748949
              ],
              [
                7.20474,
                9.758296
              ],
              [
                7.20655,
                9.765135
              ],
              [
                7.206725,
                9.765797
              ],
              [
                7.207547,
                9.7689
              ],
              [
                7.210504,
                9.780071
              ],
              [
                7.214905,
                9.782547
              ],
              [
                7.220837,
                9.785884
              ],
              [
                7.223962,
                9.787642
              ],
              [
                7.231533,
                9.791006
              ],
              [
                7.25172,
                9.794371
              ],
              [
                7.256767,
                9.790165
              ],
              [
                7.260131,
                9.7868
              ],
              [
                7.267702,
                9.783436
              ],
              [
                7.27359,
                9.783436
              ],
              [
                7.278636,
                9.7868
              ],
              [
                7.285366,
                9.789324
              ],
              [
                7.291254,
                9.800259
              ],
              [
                7.291754,
                9.803513
              ],
              [
                7.292936,
                9.811193
              ],
              [
                7.292095,
                9.823811
              ],
              [
                7.291084,
                9.828863
              ],
              [
                7.28873,
                9.840633
              ],
              [
                7.292936,
                9.851568
              ],
              [
                7.294905,
                9.853045
              ],
              [
                7.2965,
                9.869848
              ],
              [
                7.295459,
                9.871757
              ],
              [
                7.295459,
                9.873726
              ],
              [
                7.295459,
                9.880003
              ],
              [
                7.295459,
                9.881469
              ],
              [
                7.295459,
                9.887738
              ],
              [
                7.293777,
                9.907926
              ],
              [
                7.28922,
                9.919645
              ],
              [
                7.287889,
                9.923066
              ],
              [
                7.287138,
                9.926072
              ],
              [
                7.285366,
                9.93316
              ],
              [
                7.285467,
                9.935184
              ],
              [
                7.285765,
                9.941149
              ],
              [
                7.286207,
                9.949983
              ],
              [
                7.284524,
                9.957553
              ],
              [
                7.283137,
                9.960546
              ],
              [
                7.281075,
                9.964994
              ],
              [
                7.280319,
                9.973535
              ],
              [
                7.280319,
                9.983628
              ],
              [
                7.280319,
                9.989039
              ],
              [
                7.280319,
                9.99961
              ],
              [
                7.277795,
                10.016433
              ],
              [
                7.273243,
                10.023514
              ],
              [
                7.270225,
                10.028209
              ],
              [
                7.264655,
                10.032187
              ],
              [
                7.258449,
                10.03662
              ],
              [
                7.254067,
                10.039227
              ],
              [
                7.250727,
                10.039417
              ],
              [
                7.240785,
                10.039985
              ],
              [
                7.232374,
                10.043349
              ],
              [
                7.229088,
                10.038421
              ],
              [
                7.226688,
                10.03884
              ],
              [
                7.222132,
                10.03726
              ],
              [
                7.216016,
                10.037408
              ],
              [
                7.213869,
                10.039985
              ],
              [
                7.207139,
                10.041667
              ],
              [
                7.20041,
                10.033256
              ],
              [
                7.188634,
                10.027368
              ],
              [
                7.179382,
                10.027368
              ],
              [
                7.175238,
                10.029301
              ],
              [
                7.166765,
                10.033256
              ],
              [
                7.156671,
                10.034097
              ],
              [
                7.149942,
                10.034938
              ],
              [
                7.138166,
                10.035779
              ],
              [
                7.12487,
                10.032965
              ],
              [
                7.123025,
                10.029891
              ],
              [
                7.112091,
                10.026526
              ],
              [
                7.105361,
                10.026526
              ],
              [
                7.103679,
                10.031573
              ],
              [
                7.100315,
                10.029891
              ],
              [
                7.091903,
                10.032414
              ],
              [
                7.085174,
                10.03662
              ],
              [
                7.064987,
                10.042508
              ],
              [
                7.058665,
                10.04285
              ],
              [
                7.033864,
                10.04419
              ],
              [
                7.018723,
                10.038302
              ],
              [
                7.008492,
                10.044805
              ],
              [
                6.983396,
                10.045873
              ],
              [
                6.952273,
                10.047555
              ],
              [
                6.940497,
                10.061013
              ],
              [
                6.926198,
                10.067742
              ],
              [
                6.914422,
                10.077836
              ],
              [
                6.906363,
                10.077836
              ],
              [
                6.901179,
                10.076382
              ],
              [
                6.892529,
                10.093016
              ],
              [
                6.882088,
                10.117111
              ],
              [
                6.882264,
                10.118955
              ],
              [
                6.88374,
                10.134452
              ],
              [
                6.885301,
                10.150845
              ],
              [
                6.888348,
                10.15313
              ],
              [
                6.894939,
                10.158073
              ],
              [
                6.900974,
                10.165206
              ],
              [
                6.903774,
                10.168515
              ],
              [
                6.905459,
                10.170948
              ],
              [
                6.911003,
                10.178956
              ],
              [
                6.915019,
                10.188595
              ],
              [
                6.916747,
                10.189243
              ],
              [
                6.921444,
                10.191004
              ],
              [
                6.923635,
                10.189126
              ],
              [
                6.927067,
                10.186185
              ],
              [
                6.928673,
                10.180563
              ],
              [
                6.932678,
                10.180563
              ],
              [
                6.936705,
                10.180563
              ],
              [
                6.939918,
                10.180563
              ],
              [
                6.942327,
                10.180563
              ],
              [
                6.947036,
                10.185271
              ],
              [
                6.947146,
                10.185382
              ],
              [
                6.954473,
                10.191998
              ],
              [
                6.959194,
                10.202249
              ],
              [
                6.959792,
                10.204043
              ],
              [
                6.960801,
                10.207067
              ],
              [
                6.96562,
                10.215099
              ],
              [
                6.967226,
                10.222328
              ],
              [
                6.96727,
                10.22247
              ],
              [
                6.970439,
                10.23277
              ],
              [
                6.974681,
                10.236588
              ],
              [
                6.978471,
                10.239999
              ],
              [
                6.982487,
                10.244015
              ],
              [
                6.984093,
                10.239999
              ],
              [
                6.984889,
                10.236814
              ],
              [
                6.987306,
                10.236786
              ],
              [
                6.989052,
                10.239004
              ],
              [
                6.990495,
                10.240837
              ],
              [
                6.996141,
                10.244818
              ],
              [
                7.002566,
                10.247228
              ],
              [
                7.002896,
                10.244919
              ],
              [
                7.003369,
                10.241605
              ],
              [
                7.008189,
                10.242408
              ],
              [
                7.009129,
                10.247109
              ],
              [
                7.009516,
                10.249045
              ],
              [
                7.009795,
                10.25044
              ],
              [
                7.010662,
                10.252286
              ],
              [
                7.013609,
                10.258558
              ],
              [
                7.017128,
                10.266047
              ],
              [
                7.019433,
                10.273732
              ],
              [
                7.024683,
                10.278982
              ],
              [
                7.025859,
                10.280158
              ],
              [
                7.032284,
                10.287387
              ],
              [
                7.040316,
                10.288993
              ],
              [
                7.045938,
                10.291403
              ],
              [
                7.049125,
                10.300962
              ],
              [
                7.049151,
                10.301041
              ],
              [
                7.049954,
                10.310679
              ],
              [
                7.050757,
                10.317104
              ],
              [
                7.046628,
                10.32261
              ],
              [
                7.043529,
                10.326743
              ],
              [
                7.033891,
                10.34361
              ],
              [
                7.029108,
                10.347267
              ],
              [
                7.024765,
                10.350589
              ],
              [
                7.020236,
                10.354052
              ],
              [
                7.006393,
                10.356167
              ],
              [
                7.003381,
                10.356627
              ],
              [
                7.000394,
                10.35655
              ],
              [
                6.996944,
                10.356461
              ],
              [
                6.991199,
                10.359333
              ],
              [
                6.988912,
                10.360476
              ],
              [
                6.986279,
                10.361456
              ],
              [
                6.977214,
                10.36483
              ],
              [
                6.965061,
                10.362797
              ],
              [
                6.960801,
                10.362083
              ],
              [
                6.951179,
                10.3608
              ],
              [
                6.948753,
                10.360476
              ],
              [
                6.941671,
                10.36087
              ],
              [
                6.940587,
                10.36093
              ],
              [
                6.934295,
                10.361279
              ],
              [
                6.930211,
                10.365772
              ],
              [
                6.92747,
                10.368788
              ],
              [
                6.926263,
                10.370115
              ],
              [
                6.925667,
                10.372352
              ],
              [
                6.924768,
                10.375724
              ],
              [
                6.923051,
                10.382163
              ],
              [
                6.928428,
                10.403036
              ],
              [
                6.931774,
                10.412594
              ],
              [
                6.938311,
                10.433567
              ],
              [
                6.946343,
                10.450434
              ],
              [
                6.954375,
                10.462481
              ],
              [
                6.954133,
                10.468047
              ],
              [
                6.95352,
                10.482179
              ],
              [
                6.947949,
                10.491396
              ],
              [
                6.935902,
                10.500232
              ],
              [
                6.930015,
                10.510883
              ],
              [
                6.929858,
                10.511053
              ],
              [
                6.929557,
                10.511147
              ],
              [
                6.92746,
                10.511435
              ],
              [
                6.926922,
                10.511583
              ],
              [
                6.925922,
                10.511521
              ],
              [
                6.925253,
                10.511364
              ],
              [
                6.924305,
                10.511413
              ],
              [
                6.923451,
                10.512251
              ],
              [
                6.923603,
                10.512522
              ],
              [
                6.923922,
                10.512712
              ],
              [
                6.924523,
                10.513094
              ],
              [
                6.925161,
                10.513732
              ],
              [
                6.925506,
                10.51412
              ],
              [
                6.925789,
                10.515014
              ],
              [
                6.926192,
                10.515718
              ],
              [
                6.926364,
                10.516117
              ],
              [
                6.926412,
                10.516472
              ],
              [
                6.926615,
                10.516749
              ],
              [
                6.926657,
                10.516889
              ],
              [
                6.926622,
                10.517023
              ],
              [
                6.926591,
                10.51708
              ],
              [
                6.919035,
                10.530752
              ],
              [
                6.912609,
                10.537981
              ],
              [
                6.905257,
                10.54077
              ],
              [
                6.900235,
                10.542674
              ],
              [
                6.895733,
                10.544382
              ],
              [
                6.889317,
                10.546816
              ],
              [
                6.882088,
                10.550832
              ],
              [
                6.874303,
                10.553265
              ],
              [
                6.869102,
                10.555357
              ],
              [
                6.861205,
                10.550832
              ],
              [
                6.856386,
                10.537981
              ],
              [
                6.849157,
                10.530752
              ],
              [
                6.844625,
                10.528487
              ],
              [
                6.844338,
                10.528343
              ],
              [
                6.839519,
                10.531555
              ],
              [
                6.835503,
                10.537981
              ],
              [
                6.839519,
                10.549226
              ],
              [
                6.841125,
                10.557258
              ],
              [
                6.841653,
                10.567273
              ],
              [
                6.841929,
                10.572518
              ],
              [
                6.841385,
                10.574694
              ],
              [
                6.838716,
                10.585369
              ],
              [
                6.836069,
                10.593017
              ],
              [
                6.835102,
                10.595811
              ],
              [
                6.829479,
                10.599827
              ],
              [
                6.829792,
                10.604509
              ],
              [
                6.830283,
                10.611875
              ],
              [
                6.83009,
                10.614956
              ],
              [
                6.829479,
                10.624725
              ],
              [
                6.823499,
                10.631079
              ],
              [
                6.819105,
                10.635748
              ],
              [
                6.816628,
                10.638379
              ],
              [
                6.814444,
                10.639151
              ],
              [
                6.811096,
                10.640332
              ],
              [
                6.802974,
                10.643199
              ],
              [
                6.79923,
                10.642076
              ],
              [
                6.795904,
                10.641078
              ],
              [
                6.794942,
                10.640789
              ],
              [
                6.785304,
                10.639183
              ],
              [
                6.782284,
                10.639647
              ],
              [
                6.774863,
                10.640789
              ],
              [
                6.765357,
                10.643641
              ],
              [
                6.759899,
                10.645278
              ],
              [
                6.758702,
                10.64452
              ],
              [
                6.756368,
                10.643369
              ],
              [
                6.754713,
                10.642981
              ],
              [
                6.753932,
                10.643292
              ],
              [
                6.75317,
                10.642638
              ],
              [
                6.751058,
                10.642139
              ],
              [
                6.750345,
                10.642151
              ],
              [
                6.74947,
                10.642455
              ],
              [
                6.748808,
                10.642808
              ],
              [
                6.748604,
                10.642722
              ],
              [
                6.748427,
                10.64257
              ],
              [
                6.748163,
                10.642516
              ],
              [
                6.747961,
                10.642532
              ],
              [
                6.747624,
                10.642561
              ],
              [
                6.747484,
                10.642543
              ],
              [
                6.747276,
                10.642647
              ],
              [
                6.746733,
                10.642767
              ],
              [
                6.746465,
                10.642875
              ],
              [
                6.746288,
                10.642841
              ],
              [
                6.746054,
                10.642738
              ],
              [
                6.745837,
                10.642755
              ],
              [
                6.745325,
                10.643284
              ],
              [
                6.744229,
                10.643528
              ],
              [
                6.741807,
                10.643878
              ],
              [
                6.740939,
                10.643513
              ],
              [
                6.73172,
                10.642144
              ],
              [
                6.729607,
                10.641859
              ],
              [
                6.727136,
                10.642381
              ],
              [
                6.726638,
                10.642487
              ],
              [
                6.723183,
                10.642458
              ],
              [
                6.71978,
                10.643503
              ],
              [
                6.716573,
                10.641503
              ],
              [
                6.715036,
                10.636794
              ],
              [
                6.714161,
                10.634115
              ],
              [
                6.719438,
                10.624768
              ],
              [
                6.724262,
                10.617682
              ],
              [
                6.726575,
                10.609013
              ],
              [
                6.726671,
                10.608662
              ],
              [
                6.728271,
                10.605861
              ],
              [
                6.731326,
                10.596402
              ],
              [
                6.725868,
                10.589385
              ],
              [
                6.709846,
                10.587536
              ],
              [
                6.700488,
                10.58902
              ],
              [
                6.696123,
                10.590988
              ],
              [
                6.695991,
                10.591047
              ],
              [
                6.686181,
                10.589942
              ],
              [
                6.683989,
                10.589711
              ],
              [
                6.68089,
                10.589385
              ],
              [
                6.677782,
                10.589863
              ],
              [
                6.671233,
                10.590869
              ],
              [
                6.668569,
                10.591262
              ],
              [
                6.653289,
                10.592802
              ],
              [
                6.64707,
                10.59343
              ],
              [
                6.636499,
                10.590011
              ],
              [
                6.630506,
                10.588107
              ],
              [
                6.624108,
                10.586084
              ],
              [
                6.618112,
                10.584188
              ],
              [
                6.614225,
                10.582959
              ],
              [
                6.61078,
                10.581729
              ],
              [
                6.60624,
                10.580108
              ],
              [
                6.602981,
                10.578943
              ],
              [
                6.597023,
                10.577156
              ],
              [
                6.586917,
                10.574124
              ],
              [
                6.583182,
                10.569857
              ],
              [
                6.581295,
                10.567699
              ],
              [
                6.577785,
                10.56263
              ],
              [
                6.574066,
                10.557258
              ],
              [
                6.569401,
                10.554925
              ],
              [
                6.566545,
                10.553497
              ],
              [
                6.561215,
                10.550832
              ],
              [
                6.556101,
                10.546941
              ],
              [
                6.551589,
                10.545556
              ],
              [
                6.549167,
                10.54521
              ],
              [
                6.540332,
                10.54521
              ],
              [
                6.537135,
                10.548407
              ],
              [
                6.534733,
                10.550809
              ],
              [
                6.532787,
                10.552755
              ],
              [
                6.5323,
                10.553242
              ],
              [
                6.530029,
                10.556774
              ],
              [
                6.526151,
                10.562808
              ],
              [
                6.525072,
                10.564487
              ],
              [
                6.524401,
                10.566097
              ],
              [
                6.522708,
                10.57016
              ],
              [
                6.521593,
                10.572835
              ],
              [
                6.521408,
                10.576049
              ],
              [
                6.521267,
                10.578494
              ],
              [
                6.521056,
                10.582156
              ],
              [
                6.52154,
                10.584095
              ],
              [
                6.523151,
                10.590536
              ],
              [
                6.524268,
                10.595007
              ],
              [
                6.521684,
                10.597591
              ],
              [
                6.518297,
                10.600979
              ],
              [
                6.515148,
                10.604128
              ],
              [
                6.513827,
                10.605449
              ],
              [
                6.511754,
                10.6066
              ],
              [
                6.509172,
                10.608035
              ],
              [
                6.50746,
                10.608986
              ],
              [
                6.506598,
                10.609465
              ],
              [
                6.505709,
                10.609798
              ],
              [
                6.502066,
                10.611164
              ],
              [
                6.50146,
                10.611529
              ],
              [
                6.494544,
                10.615693
              ],
              [
                6.491728,
                10.613412
              ],
              [
                6.490715,
                10.612591
              ],
              [
                6.486458,
                10.609222
              ],
              [
                6.485659,
                10.608236
              ],
              [
                6.482964,
                10.604911
              ],
              [
                6.481561,
                10.606271
              ],
              [
                6.480397,
                10.607399
              ],
              [
                6.477762,
                10.607934
              ],
              [
                6.477117,
                10.608065
              ],
              [
                6.472411,
                10.606103
              ],
              [
                6.471297,
                10.604101
              ],
              [
                6.469203,
                10.600335
              ],
              [
                6.463594,
                10.596784
              ],
              [
                6.459897,
                10.594188
              ],
              [
                6.457295,
                10.593873
              ],
              [
                6.455776,
                10.595733
              ],
              [
                6.450375,
                10.595007
              ],
              [
                6.446657,
                10.594211
              ],
              [
                6.446528,
                10.59191
              ],
              [
                6.445886,
                10.590613
              ],
              [
                6.441822,
                10.590648
              ],
              [
                6.438684,
                10.589948
              ],
              [
                6.435984,
                10.59071
              ],
              [
                6.435582,
                10.590824
              ],
              [
                6.433587,
                10.589327
              ],
              [
                6.433216,
                10.589049
              ],
              [
                6.431233,
                10.586899
              ],
              [
                6.429522,
                10.582939
              ],
              [
                6.426919,
                10.579679
              ],
              [
                6.424423,
                10.577086
              ],
              [
                6.418248,
                10.576534
              ],
              [
                6.413443,
                10.575645
              ],
              [
                6.413379,
                10.57563
              ],
              [
                6.412414,
                10.575434
              ],
              [
                6.410464,
                10.575077
              ],
              [
                6.409944,
                10.574997
              ],
              [
                6.409936,
                10.574988
              ],
              [
                6.408416,
                10.573301
              ],
              [
                6.406384,
                10.57281
              ],
              [
                6.403806,
                10.57386
              ],
              [
                6.40366,
                10.57392
              ],
              [
                6.402426,
                10.574422
              ],
              [
                6.397983,
                10.572835
              ],
              [
                6.39724,
                10.572698
              ],
              [
                6.397238,
                10.572644
              ],
              [
                6.397203,
                10.571734
              ],
              [
                6.397114,
                10.569446
              ],
              [
                6.395438,
                10.567588
              ],
              [
                6.394911,
                10.565884
              ],
              [
                6.39359,
                10.564347
              ],
              [
                6.392739,
                10.562005
              ],
              [
                6.392683,
                10.56198
              ],
              [
                6.391203,
                10.561311
              ],
              [
                6.391542,
                10.558843
              ],
              [
                6.391555,
                10.558749
              ],
              [
                6.39181,
                10.556893
              ],
              [
                6.391488,
                10.556376
              ],
              [
                6.390383,
                10.555528
              ],
              [
                6.389824,
                10.555099
              ],
              [
                6.389775,
                10.555034
              ],
              [
                6.389159,
                10.554211
              ],
              [
                6.388606,
                10.553405
              ],
              [
                6.388205,
                10.552786
              ],
              [
                6.387966,
                10.552418
              ],
              [
                6.387631,
                10.55207
              ],
              [
                6.386467,
                10.550864
              ],
              [
                6.386347,
                10.550605
              ],
              [
                6.386298,
                10.550498
              ],
              [
                6.385724,
                10.549257
              ],
              [
                6.38519,
                10.548177
              ],
              [
                6.384863,
                10.546483
              ],
              [
                6.384144,
                10.542957
              ],
              [
                6.382946,
                10.540434
              ],
              [
                6.369829,
                10.52792
              ],
              [
                6.355333,
                10.511203
              ],
              [
                6.327089,
                10.495208
              ],
              [
                6.315424,
                10.480157
              ],
              [
                6.32259,
                10.456244
              ],
              [
                6.323817,
                10.453547
              ],
              [
                6.323018,
                10.450518
              ],
              [
                6.322543,
                10.446816
              ],
              [
                6.32163,
                10.443506
              ],
              [
                6.32066,
                10.44158
              ],
              [
                6.320052,
                10.44057
              ],
              [
                6.318796,
                10.439629
              ],
              [
                6.317029,
                10.438962
              ],
              [
                6.3112,
                10.433529
              ],
              [
                6.310692,
                10.433055
              ],
              [
                6.309993,
                10.432585
              ],
              [
                6.309385,
                10.432492
              ],
              [
                6.30349,
                10.4318
              ],
              [
                6.302293,
                10.431351
              ],
              [
                6.302502,
                10.430098
              ],
              [
                6.302825,
                10.429313
              ],
              [
                6.303909,
                10.427611
              ],
              [
                6.304574,
                10.425685
              ],
              [
                6.304251,
                10.424694
              ],
              [
                6.303737,
                10.423977
              ],
              [
                6.302729,
                10.423302
              ],
              [
                6.30214,
                10.423123
              ],
              [
                6.301418,
                10.422898
              ],
              [
                6.300619,
                10.422356
              ],
              [
                6.299192,
                10.420226
              ],
              [
                6.297078,
                10.418144
              ],
              [
                6.296302,
                10.418001
              ],
              [
                6.29595,
                10.41801
              ],
              [
                6.295713,
                10.4183
              ],
              [
                6.295161,
                10.419123
              ],
              [
                6.294619,
                10.419992
              ],
              [
                6.293203,
                10.422031
              ],
              [
                6.291406,
                10.423097
              ],
              [
                6.289466,
                10.423882
              ],
              [
                6.288706,
                10.424041
              ],
              [
                6.287479,
                10.423994
              ],
              [
                6.287014,
                10.423817
              ],
              [
                6.286187,
                10.423508
              ],
              [
                6.2867,
                10.422629
              ],
              [
                6.287403,
                10.421788
              ],
              [
                6.287565,
                10.420264
              ],
              [
                6.287394,
                10.418431
              ],
              [
                6.287071,
                10.416589
              ],
              [
                6.287014,
                10.41599
              ],
              [
                6.287166,
                10.41441
              ],
              [
                6.286773,
                10.413962
              ],
              [
                6.286415,
                10.413774
              ],
              [
                6.285907,
                10.413759
              ],
              [
                6.28536,
                10.414188
              ],
              [
                6.254454,
                10.427448
              ],
              [
                6.244222,
                10.411937
              ],
              [
                6.235651,
                10.384798
              ],
              [
                6.23398,
                10.385784
              ],
              [
                6.231893,
                10.386462
              ],
              [
                6.228128,
                10.384898
              ],
              [
                6.225998,
                10.384588
              ],
              [
                6.223866,
                10.385131
              ],
              [
                6.22193,
                10.385793
              ],
              [
                6.219358,
                10.389434
              ],
              [
                6.219252,
                10.389452
              ],
              [
                6.218127,
                10.38965
              ],
              [
                6.216713,
                10.389382
              ],
              [
                6.215228,
                10.385758
              ],
              [
                6.213813,
                10.382307
              ],
              [
                6.21133,
                10.378791
              ],
              [
                6.209262,
                10.374887
              ],
              [
                6.207147,
                10.373063
              ],
              [
                6.205911,
                10.372479
              ],
              [
                6.204627,
                10.372502
              ],
              [
                6.203296,
                10.373367
              ],
              [
                6.201371,
                10.374746
              ],
              [
                6.199066,
                10.376126
              ],
              [
                6.196736,
                10.378324
              ],
              [
                6.194573,
                10.378861
              ],
              [
                6.192778,
                10.378692
              ],
              [
                6.191293,
                10.377155
              ],
              [
                6.187086,
                10.375752
              ],
              [
                6.184234,
                10.375261
              ],
              [
                6.182571,
                10.373765
              ],
              [
                6.181525,
                10.370071
              ],
              [
                6.181644,
                10.369276
              ],
              [
                6.180547,
                10.366006
              ],
              [
                6.177982,
                10.363721
              ],
              [
                6.175939,
                10.362191
              ],
              [
                6.173396,
                10.35914
              ],
              [
                6.172113,
                10.358661
              ],
              [
                6.169712,
                10.358468
              ],
              [
                6.169783,
                10.35983
              ],
              [
                6.170211,
                10.361817
              ],
              [
                6.170541,
                10.361984
              ],
              [
                6.170852,
                10.365032
              ],
              [
                6.170591,
                10.365511
              ],
              [
                6.169736,
                10.366002
              ],
              [
                6.169308,
                10.366353
              ],
              [
                6.16926,
                10.366844
              ],
              [
                6.170066,
                10.36753
              ],
              [
                6.170092,
                10.369018
              ],
              [
                6.169688,
                10.369743
              ],
              [
                6.169902,
                10.370445
              ],
              [
                6.169807,
                10.370842
              ],
              [
                6.169379,
                10.371053
              ],
              [
                6.169213,
                10.37131
              ],
              [
                6.169767,
                10.371869
              ],
              [
                6.170219,
                10.372416
              ],
              [
                6.170187,
                10.373063
              ],
              [
                6.170337,
                10.373352
              ],
              [
                6.171067,
                10.373671
              ],
              [
                6.171518,
                10.374583
              ],
              [
                6.171329,
                10.375271
              ],
              [
                6.171019,
                10.375728
              ],
              [
                6.1709,
                10.376383
              ],
              [
                6.171281,
                10.37671
              ],
              [
                6.172034,
                10.376637
              ],
              [
                6.172357,
                10.377104
              ],
              [
                6.172354,
                10.377663
              ],
              [
                6.172852,
                10.379629
              ],
              [
                6.173099,
                10.380901
              ],
              [
                6.17352,
                10.381266
              ],
              [
                6.17491,
                10.382248
              ],
              [
                6.175553,
                10.383699
              ],
              [
                6.175947,
                10.384369
              ],
              [
                6.175998,
                10.384457
              ],
              [
                6.176845,
                10.384822
              ],
              [
                6.177276,
                10.38507
              ],
              [
                6.177305,
                10.385772
              ],
              [
                6.176859,
                10.386168
              ],
              [
                6.176548,
                10.386169
              ],
              [
                6.176232,
                10.386294
              ],
              [
                6.176021,
                10.386344
              ],
              [
                6.175821,
                10.386681
              ],
              [
                6.175643,
                10.387221
              ],
              [
                6.175372,
                10.387824
              ],
              [
                6.175101,
                10.388062
              ],
              [
                6.174623,
                10.388119
              ],
              [
                6.173675,
                10.388203
              ],
              [
                6.172798,
                10.388252
              ],
              [
                6.172284,
                10.388504
              ],
              [
                6.171978,
                10.388911
              ],
              [
                6.171578,
                10.389774
              ],
              [
                6.17058,
                10.390917
              ],
              [
                6.169839,
                10.392418
              ],
              [
                6.169991,
                10.392834
              ],
              [
                6.170257,
                10.393325
              ],
              [
                6.170371,
                10.393722
              ],
              [
                6.170285,
                10.394311
              ],
              [
                6.169572,
                10.395471
              ],
              [
                6.168783,
                10.395824
              ],
              [
                6.167671,
                10.395985
              ],
              [
                6.166311,
                10.396387
              ],
              [
                6.166411,
                10.396677
              ],
              [
                6.166597,
                10.397229
              ],
              [
                6.166435,
                10.397631
              ],
              [
                6.165678,
                10.398496
              ],
              [
                6.165332,
                10.398884
              ],
              [
                6.165028,
                10.39895
              ],
              [
                6.164705,
                10.39866
              ],
              [
                6.164382,
                10.398622
              ],
              [
                6.164201,
                10.399034
              ],
              [
                6.164153,
                10.399903
              ],
              [
                6.164286,
                10.400436
              ],
              [
                6.163916,
                10.401082
              ],
              [
                6.163794,
                10.401334
              ],
              [
                6.163957,
                10.401754
              ],
              [
                6.16332,
                10.403092
              ],
              [
                6.16293,
                10.403653
              ],
              [
                6.162918,
                10.403931
              ],
              [
                6.162937,
                10.40438
              ],
              [
                6.163545,
                10.405334
              ],
              [
                6.163659,
                10.406325
              ],
              [
                6.163694,
                10.406668
              ],
              [
                6.164255,
                10.407519
              ],
              [
                6.164512,
                10.408126
              ],
              [
                6.164189,
                10.408725
              ],
              [
                6.163542,
                10.40923
              ],
              [
                6.162943,
                10.409211
              ],
              [
                6.16262,
                10.409295
              ],
              [
                6.162285,
                10.409593
              ],
              [
                6.162437,
                10.410188
              ],
              [
                6.162411,
                10.410636
              ],
              [
                6.162185,
                10.411121
              ],
              [
                6.161947,
                10.411343
              ],
              [
                6.161707,
                10.411954
              ],
              [
                6.161564,
                10.412515
              ],
              [
                6.162265,
                10.413404
              ],
              [
                6.162574,
                10.413906
              ],
              [
                6.162665,
                10.414355
              ],
              [
                6.162301,
                10.414736
              ],
              [
                6.161966,
                10.414806
              ],
              [
                6.161822,
                10.414922
              ],
              [
                6.161531,
                10.415409
              ],
              [
                6.16146,
                10.415625
              ],
              [
                6.161636,
                10.415999
              ],
              [
                6.161679,
                10.416658
              ],
              [
                6.161386,
                10.417576
              ],
              [
                6.174896,
                10.4422
              ],
              [
                6.158332,
                10.500832
              ],
              [
                6.092243,
                10.521784
              ],
              [
                6.09317,
                10.524915
              ],
              [
                6.093954,
                10.528561
              ],
              [
                6.094287,
                10.531038
              ],
              [
                6.094568,
                10.5377
              ],
              [
                6.09451,
                10.541373
              ],
              [
                6.09404,
                10.544836
              ],
              [
                6.093694,
                10.546013
              ],
              [
                6.09364,
                10.546197
              ],
              [
                6.096393,
                10.546939
              ],
              [
                6.099701,
                10.547542
              ],
              [
                6.100258,
                10.546588
              ],
              [
                6.101739,
                10.5463
              ],
              [
                6.104293,
                10.545803
              ],
              [
                6.105063,
                10.545761
              ],
              [
                6.105905,
                10.545579
              ],
              [
                6.10726,
                10.545214
              ],
              [
                6.109001,
                10.545193
              ],
              [
                6.112023,
                10.5475
              ],
              [
                6.114419,
                10.548579
              ],
              [
                6.116458,
                10.54921
              ],
              [
                6.117105,
                10.549613
              ],
              [
                6.120035,
                10.550075
              ],
              [
                6.121556,
                10.55136
              ],
              [
                6.123042,
                10.552867
              ],
              [
                6.124456,
                10.554187
              ],
              [
                6.125181,
                10.555309
              ],
              [
                6.125739,
                10.556734
              ],
              [
                6.126001,
                10.558568
              ],
              [
                6.125834,
                10.559865
              ],
              [
                6.125442,
                10.561571
              ],
              [
                6.12562,
                10.562271
              ],
              [
                6.125751,
                10.562622
              ],
              [
                6.126595,
                10.563393
              ],
              [
                6.127451,
                10.565145
              ],
              [
                6.128187,
                10.567342
              ],
              [
                6.12871,
                10.56879
              ],
              [
                6.129067,
                10.570239
              ],
              [
                6.129518,
                10.573954
              ],
              [
                6.129867,
                10.577705
              ],
              [
                6.131162,
                10.581649
              ],
              [
                6.134005,
                10.590128
              ],
              [
                6.133378,
                10.591791
              ],
              [
                6.131438,
                10.59351
              ],
              [
                6.12754,
                10.596295
              ],
              [
                6.124118,
                10.598052
              ],
              [
                6.12077,
                10.59974
              ],
              [
                6.118566,
                10.601117
              ],
              [
                6.117082,
                10.602071
              ],
              [
                6.115599,
                10.60407
              ],
              [
                6.114801,
                10.605304
              ],
              [
                6.114706,
                10.606762
              ],
              [
                6.115181,
                10.607976
              ],
              [
                6.116189,
                10.610126
              ],
              [
                6.116341,
                10.612163
              ],
              [
                6.118261,
                10.618293
              ],
              [
                6.119288,
                10.621171
              ],
              [
                6.120239,
                10.623713
              ],
              [
                6.120513,
                10.626639
              ],
              [
                6.121361,
                10.628628
              ],
              [
                6.121912,
                10.629749
              ],
              [
                6.122901,
                10.630982
              ],
              [
                6.123072,
                10.631674
              ],
              [
                6.123414,
                10.632216
              ],
              [
                6.123947,
                10.632403
              ],
              [
                6.125753,
                10.632888
              ],
              [
                6.126799,
                10.633393
              ],
              [
                6.127502,
                10.63444
              ],
              [
                6.127236,
                10.635561
              ],
              [
                6.126761,
                10.637112
              ],
              [
                6.127027,
                10.638588
              ],
              [
                6.127893,
                10.640544
              ],
              [
                6.129133,
                10.643335
              ],
              [
                6.13082,
                10.645974
              ],
              [
                6.130797,
                10.650039
              ],
              [
                6.131153,
                10.653169
              ],
              [
                6.13063,
                10.655248
              ],
              [
                6.130521,
                10.657708
              ],
              [
                6.132164,
                10.659624
              ],
              [
                6.132796,
                10.659858
              ],
              [
                6.133054,
                10.660456
              ],
              [
                6.13311,
                10.660727
              ],
              [
                6.13315,
                10.660924
              ],
              [
                6.133098,
                10.661484
              ],
              [
                6.132955,
                10.666915
              ],
              [
                6.133104,
                10.667394
              ],
              [
                6.13371,
                10.667732
              ],
              [
                6.136574,
                10.668877
              ],
              [
                6.136852,
                10.669003
              ],
              [
                6.140193,
                10.670524
              ],
              [
                6.141041,
                10.673199
              ],
              [
                6.138999,
                10.677614
              ],
              [
                6.137231,
                10.679239
              ],
              [
                6.135525,
                10.679509
              ],
              [
                6.133846,
                10.67881
              ],
              [
                6.132572,
                10.678978
              ],
              [
                6.130918,
                10.680174
              ],
              [
                6.128144,
                10.684017
              ],
              [
                6.127324,
                10.684378
              ],
              [
                6.125765,
                10.685312
              ],
              [
                6.123921,
                10.685163
              ],
              [
                6.119832,
                10.686284
              ],
              [
                6.117627,
                10.686829
              ],
              [
                6.116714,
                10.687722
              ],
              [
                6.11563,
                10.689628
              ],
              [
                6.114204,
                10.691908
              ],
              [
                6.11468,
                10.692748
              ],
              [
                6.11582,
                10.693496
              ],
              [
                6.116391,
                10.694224
              ],
              [
                6.115098,
                10.697121
              ],
              [
                6.111941,
                10.700353
              ],
              [
                6.107454,
                10.701848
              ],
              [
                6.103328,
                10.701081
              ],
              [
                6.10021,
                10.701025
              ],
              [
                6.098898,
                10.701661
              ],
              [
                6.096917,
                10.698177
              ],
              [
                6.095291,
                10.697881
              ],
              [
                6.095245,
                10.697887
              ],
              [
                6.093669,
                10.698092
              ],
              [
                6.092813,
                10.698952
              ],
              [
                6.092813,
                10.699347
              ],
              [
                6.092813,
                10.70209
              ],
              [
                6.094372,
                10.705528
              ],
              [
                6.094239,
                10.708985
              ],
              [
                6.09384,
                10.710591
              ],
              [
                6.094812,
                10.711272
              ],
              [
                6.095815,
                10.711973
              ],
              [
                6.098879,
                10.713674
              ],
              [
                6.099943,
                10.714197
              ],
              [
                6.101674,
                10.714795
              ],
              [
                6.103651,
                10.716159
              ],
              [
                6.105153,
                10.718569
              ],
              [
                6.10734,
                10.72096
              ],
              [
                6.10791,
                10.722754
              ],
              [
                6.10715,
                10.725033
              ],
              [
                6.107123,
                10.727667
              ],
              [
                6.107891,
                10.728508
              ],
              [
                6.108386,
                10.728975
              ],
              [
                6.11061,
                10.731927
              ],
              [
                6.111618,
                10.73613
              ],
              [
                6.114623,
                10.737699
              ],
              [
                6.116676,
                10.740296
              ],
              [
                6.116505,
                10.742855
              ],
              [
                6.114109,
                10.746536
              ],
              [
                6.111751,
                10.748777
              ],
              [
                6.111029,
                10.749929
              ],
              [
                6.111295,
                10.753279
              ],
              [
                6.111656,
                10.757221
              ],
              [
                6.113054,
                10.760228
              ],
              [
                6.111561,
                10.762731
              ],
              [
                6.10907,
                10.765347
              ],
              [
                6.106779,
                10.766806
              ],
              [
                6.105073,
                10.768074
              ],
              [
                6.103894,
                10.769512
              ],
              [
                6.102506,
                10.77252
              ],
              [
                6.101987,
                10.774671
              ],
              [
                6.102829,
                10.775919
              ],
              [
                6.105662,
                10.77747
              ],
              [
                6.106367,
                10.778912
              ],
              [
                6.107012,
                10.780234
              ],
              [
                6.108115,
                10.783148
              ],
              [
                6.108857,
                10.786681
              ],
              [
                6.110096,
                10.789651
              ],
              [
                6.110734,
                10.792931
              ],
              [
                6.111136,
                10.79637
              ],
              [
                6.111125,
                10.798013
              ],
              [
                6.111202,
                10.799731
              ],
              [
                6.113198,
                10.803336
              ],
              [
                6.113521,
                10.805222
              ],
              [
                6.113122,
                10.808341
              ],
              [
                6.11219,
                10.811199
              ],
              [
                6.112531,
                10.813475
              ],
              [
                6.11259,
                10.81387
              ],
              [
                6.113787,
                10.814374
              ],
              [
                6.117609,
                10.814691
              ],
              [
                6.121726,
                10.814936
              ],
              [
                6.122325,
                10.814971
              ],
              [
                6.125139,
                10.816783
              ],
              [
                6.126793,
                10.818613
              ],
              [
                6.128581,
                10.818651
              ],
              [
                6.130273,
                10.817978
              ],
              [
                6.131554,
                10.818671
              ],
              [
                6.133693,
                10.822756
              ],
              [
                6.135832,
                10.824531
              ],
              [
                6.136355,
                10.825324
              ],
              [
                6.133408,
                10.82997
              ],
              [
                6.131792,
                10.831768
              ],
              [
                6.130413,
                10.833939
              ],
              [
                6.1277,
                10.83431
              ],
              [
                6.122022,
                10.836094
              ],
              [
                6.121833,
                10.83688
              ],
              [
                6.121809,
                10.837884
              ],
              [
                6.122594,
                10.839284
              ],
              [
                6.122599,
                10.844664
              ],
              [
                6.1226,
                10.844865
              ],
              [
                6.124946,
                10.845935
              ],
              [
                6.130484,
                10.848458
              ],
              [
                6.132172,
                10.848715
              ],
              [
                6.137876,
                10.850116
              ],
              [
                6.139849,
                10.851376
              ],
              [
                6.14118,
                10.85175
              ],
              [
                6.143509,
                10.85252
              ],
              [
                6.144899,
                10.852831
              ],
              [
                6.146433,
                10.853174
              ],
              [
                6.148825,
                10.855003
              ],
              [
                6.153327,
                10.854703
              ],
              [
                6.154066,
                10.854653
              ],
              [
                6.155156,
                10.854186
              ],
              [
                6.156705,
                10.852762
              ],
              [
                6.158166,
                10.852657
              ],
              [
                6.160555,
                10.854023
              ],
              [
                6.162805,
                10.856143
              ],
              [
                6.163667,
                10.860024
              ],
              [
                6.16337,
                10.86265
              ],
              [
                6.162568,
                10.864809
              ],
              [
                6.162396,
                10.865573
              ],
              [
                6.162446,
                10.866073
              ],
              [
                6.162901,
                10.866473
              ],
              [
                6.162984,
                10.866822
              ],
              [
                6.163957,
                10.868162
              ],
              [
                6.163285,
                10.870023
              ],
              [
                6.157833,
                10.885117
              ],
              [
                6.163357,
                10.89163
              ],
              [
                6.164607,
                10.893104
              ],
              [
                6.209229,
                10.901773
              ],
              [
                6.217795,
                10.905104
              ],
              [
                6.221364,
                10.908673
              ],
              [
                6.22303,
                10.910577
              ],
              [
                6.226104,
                10.913497
              ],
              [
                6.231029,
                10.9186
              ],
              [
                6.23302,
                10.922119
              ],
              [
                6.233963,
                10.926604
              ],
              [
                6.232082,
                10.933224
              ],
              [
                6.232517,
                10.935349
              ],
              [
                6.233376,
                10.936748
              ],
              [
                6.234592,
                10.93755
              ],
              [
                6.235598,
                10.939134
              ],
              [
                6.236078,
                10.940405
              ],
              [
                6.237483,
                10.945327
              ],
              [
                6.238699,
                10.945883
              ],
              [
                6.23981,
                10.945574
              ],
              [
                6.2418,
                10.945266
              ],
              [
                6.243791,
                10.946377
              ],
              [
                6.245447,
                10.947632
              ],
              [
                6.248171,
                10.948557
              ],
              [
                6.251021,
                10.948311
              ],
              [
                6.251335,
                10.948743
              ],
              [
                6.252508,
                10.951746
              ],
              [
                6.254415,
                10.955429
              ],
              [
                6.255798,
                10.956602
              ],
              [
                6.258565,
                10.957774
              ],
              [
                6.260828,
                10.959523
              ],
              [
                6.261477,
                10.961416
              ],
              [
                6.262282,
                10.962931
              ],
              [
                6.263468,
                10.963288
              ],
              [
                6.264621,
                10.963144
              ],
              [
                6.265354,
                10.963617
              ],
              [
                6.266189,
                10.964948
              ],
              [
                6.266548,
                10.966106
              ],
              [
                6.267177,
                10.966682
              ],
              [
                6.268875,
                10.9666
              ],
              [
                6.271955,
                10.964625
              ],
              [
                6.27317,
                10.964131
              ],
              [
                6.274711,
                10.964556
              ],
              [
                6.27864,
                10.963452
              ],
              [
                6.280232,
                10.963638
              ],
              [
                6.28128,
                10.964687
              ],
              [
                6.282705,
                10.967135
              ],
              [
                6.283061,
                10.968431
              ],
              [
                6.282454,
                10.972093
              ],
              [
                6.283208,
                10.974562
              ],
              [
                6.284004,
                10.975282
              ],
              [
                6.28698,
                10.97524
              ],
              [
                6.287022,
                10.975858
              ],
              [
                6.287106,
                10.977339
              ],
              [
                6.28746,
                10.979387
              ],
              [
                6.289893,
                10.981782
              ],
              [
                6.292722,
                10.985321
              ],
              [
                6.295173,
                10.99069
              ],
              [
                6.296389,
                10.992623
              ],
              [
                6.30037,
                10.993179
              ],
              [
                6.301397,
                10.994146
              ],
              [
                6.30169,
                10.994968
              ],
              [
                6.300316,
                10.997771
              ],
              [
                6.30086,
                10.999075
              ],
              [
                6.304168,
                11.003068
              ],
              [
                6.308066,
                11.004654
              ],
              [
                6.309301,
                11.006288
              ],
              [
                6.31086,
                11.00714
              ],
              [
                6.312027,
                11.009369
              ],
              [
                6.313097,
                11.010384
              ],
              [
                6.315744,
                11.010891
              ],
              [
                6.317767,
                11.010069
              ],
              [
                6.32012,
                11.010209
              ],
              [
                6.322188,
                11.011679
              ],
              [
                6.323685,
                11.014619
              ],
              [
                6.324256,
                11.017663
              ],
              [
                6.32504,
                11.018328
              ],
              [
                6.326787,
                11.018818
              ],
              [
                6.327429,
                11.019588
              ],
              [
                6.327358,
                11.020883
              ],
              [
                6.326217,
                11.022702
              ],
              [
                6.324799,
                11.022735
              ],
              [
                6.323935,
                11.021548
              ],
              [
                6.322879,
                11.021119
              ],
              [
                6.321972,
                11.021391
              ],
              [
                6.322063,
                11.022796
              ],
              [
                6.322426,
                11.024065
              ],
              [
                6.3233,
                11.02491
              ],
              [
                6.324191,
                11.025472
              ],
              [
                6.324866,
                11.025728
              ],
              [
                6.328605,
                11.027147
              ],
              [
                6.329711,
                11.027182
              ],
              [
                6.330138,
                11.026972
              ],
              [
                6.332634,
                11.025852
              ],
              [
                6.334702,
                11.024662
              ],
              [
                6.336021,
                11.023472
              ],
              [
                6.337035,
                11.021489
              ],
              [
                6.338303,
                11.020953
              ],
              [
                6.339658,
                11.020918
              ],
              [
                6.340905,
                11.021093
              ],
              [
                6.341975,
                11.022073
              ],
              [
                6.342469,
                11.022679
              ],
              [
                6.343544,
                11.023997
              ],
              [
                6.344197,
                11.024183
              ],
              [
                6.345291,
                11.023962
              ],
              [
                6.3457,
                11.0235
              ],
              [
                6.346752,
                11.022213
              ],
              [
                6.348097,
                11.022301
              ],
              [
                6.349961,
                11.022947
              ],
              [
                6.352136,
                11.022737
              ],
              [
                6.35381,
                11.022313
              ],
              [
                6.354703,
                11.021548
              ],
              [
                6.356302,
                11.020465
              ],
              [
                6.357983,
                11.019833
              ],
              [
                6.358898,
                11.019552
              ],
              [
                6.364119,
                11.017883
              ],
              [
                6.364805,
                11.017663
              ],
              [
                6.365695,
                11.017816
              ],
              [
                6.366079,
                11.01815
              ],
              [
                6.367997,
                11.020967
              ],
              [
                6.370874,
                11.023572
              ],
              [
                6.37178,
                11.024697
              ],
              [
                6.374047,
                11.030251
              ],
              [
                6.374854,
                11.030956
              ],
              [
                6.376343,
                11.030856
              ],
              [
                6.378269,
                11.030506
              ],
              [
                6.382476,
                11.032606
              ],
              [
                6.38408,
                11.032991
              ],
              [
                6.386469,
                11.032151
              ],
              [
                6.387422,
                11.03228
              ],
              [
                6.389537,
                11.033467
              ],
              [
                6.390646,
                11.033669
              ],
              [
                6.391611,
                11.033846
              ],
              [
                6.391865,
                11.033669
              ],
              [
                6.393349,
                11.032641
              ],
              [
                6.395595,
                11.031836
              ],
              [
                6.397485,
                11.031731
              ],
              [
                6.399031,
                11.032043
              ],
              [
                6.402512,
                11.032746
              ],
              [
                6.403724,
                11.032921
              ],
              [
                6.405831,
                11.030278
              ],
              [
                6.406933,
                11.028896
              ],
              [
                6.408038,
                11.028791
              ],
              [
                6.410159,
                11.030278
              ],
              [
                6.411282,
                11.031066
              ],
              [
                6.413208,
                11.030471
              ],
              [
                6.414919,
                11.028931
              ],
              [
                6.417807,
                11.028231
              ],
              [
                6.418983,
                11.027742
              ],
              [
                6.420088,
                11.025747
              ],
              [
                6.420481,
                11.020918
              ],
              [
                6.42155,
                11.017768
              ],
              [
                6.424295,
                11.014234
              ],
              [
                6.426256,
                11.012659
              ],
              [
                6.427131,
                11.009529
              ],
              [
                6.429024,
                11.008388
              ],
              [
                6.431765,
                11.007469
              ],
              [
                6.437006,
                11.00761
              ],
              [
                6.44355,
                11.00987
              ],
              [
                6.447476,
                11.012131
              ],
              [
                6.45271,
                11.014629
              ],
              [
                6.458183,
                11.015938
              ],
              [
                6.468534,
                11.0226
              ],
              [
                6.479122,
                11.029501
              ],
              [
                6.48864,
                11.032713
              ],
              [
                6.5003,
                11.038424
              ],
              [
                6.510769,
                11.043658
              ],
              [
                6.533374,
                11.047941
              ],
              [
                6.541107,
                11.045086
              ],
              [
                6.551577,
                11.041755
              ],
              [
                6.559548,
                11.036163
              ],
              [
                6.564664,
                11.030333
              ],
              [
                6.568114,
                11.028073
              ],
              [
                6.56978,
                11.026407
              ],
              [
                6.572159,
                11.024504
              ],
              [
                6.572489,
                11.023374
              ],
              [
                6.57237,
                11.022756
              ],
              [
                6.572041,
                11.022145
              ],
              [
                6.574057,
                11.021567
              ],
              [
                6.577289,
                11.021567
              ],
              [
                6.578078,
                11.025273
              ],
              [
                6.584562,
                11.0239
              ],
              [
                6.585893,
                11.024974
              ],
              [
                6.587557,
                11.030852
              ],
              [
                6.598776,
                11.041257
              ],
              [
                6.599821,
                11.044663
              ],
              [
                6.603196,
                11.045969
              ],
              [
                6.605454,
                11.046486
              ],
              [
                6.606762,
                11.046576
              ],
              [
                6.614465,
                11.04734
              ],
              [
                6.618455,
                11.047089
              ],
              [
                6.622686,
                11.047042
              ],
              [
                6.62416,
                11.049095
              ],
              [
                6.625348,
                11.049142
              ],
              [
                6.627155,
                11.048069
              ],
              [
                6.630815,
                11.049282
              ],
              [
                6.643032,
                11.050635
              ],
              [
                6.64384,
                11.049748
              ],
              [
                6.64425,
                11.048817
              ],
              [
                6.645028,
                11.049375
              ],
              [
                6.646422,
                11.049294
              ],
              [
                6.649069,
                11.050495
              ],
              [
                6.656532,
                11.051988
              ],
              [
                6.65772,
                11.053621
              ],
              [
                6.658338,
                11.053994
              ],
              [
                6.659667,
                11.055429
              ],
              [
                6.660781,
                11.055841
              ],
              [
                6.662046,
                11.054694
              ],
              [
                6.663234,
                11.055393
              ],
              [
                6.663805,
                11.055627
              ],
              [
                6.6638,
                11.0615
              ],
              [
                6.666911,
                11.062522
              ],
              [
                6.668606,
                11.062811
              ],
              [
                6.670697,
                11.060852
              ],
              [
                6.671648,
                11.060245
              ],
              [
                6.672587,
                11.05936
              ],
              [
                6.673336,
                11.057961
              ],
              [
                6.675308,
                11.056373
              ],
              [
                6.676782,
                11.057306
              ],
              [
                6.678263,
                11.059403
              ],
              [
                6.679159,
                11.061318
              ],
              [
                6.680347,
                11.062158
              ],
              [
                6.6821,
                11.0628
              ],
              [
                6.682981,
                11.06504
              ],
              [
                6.683039,
                11.06761
              ],
              [
                6.681682,
                11.070802
              ],
              [
                6.680697,
                11.077947
              ],
              [
                6.681097,
                11.081145
              ],
              [
                6.682582,
                11.085256
              ],
              [
                6.684752,
                11.088226
              ],
              [
                6.6869,
                11.0906
              ],
              [
                6.687419,
                11.091663
              ],
              [
                6.694228,
                11.093367
              ],
              [
                6.695984,
                11.093596
              ],
              [
                6.696205,
                11.093759
              ],
              [
                6.698696,
                11.095326
              ],
              [
                6.70093,
                11.096586
              ],
              [
                6.703612,
                11.094895
              ],
              [
                6.704997,
                11.095137
              ],
              [
                6.707015,
                11.094253
              ],
              [
                6.709629,
                11.096632
              ],
              [
                6.712006,
                11.101484
              ],
              [
                6.713718,
                11.102836
              ],
              [
                6.715524,
                11.104656
              ],
              [
                6.716,
                11.106222
              ],
              [
                6.714204,
                11.110998
              ],
              [
                6.710492,
                11.112521
              ],
              [
                6.706399,
                11.113092
              ],
              [
                6.702021,
                11.112807
              ],
              [
                6.698594,
                11.114044
              ],
              [
                6.695549,
                11.115948
              ],
              [
                6.690875,
                11.120891
              ],
              [
                6.68822,
                11.12794
              ],
              [
                6.684984,
                11.151544
              ],
              [
                6.68605,
                11.179433
              ],
              [
                6.689077,
                11.203616
              ],
              [
                6.692789,
                11.216323
              ],
              [
                6.697643,
                11.22803
              ],
              [
                6.703353,
                11.239023
              ],
              [
                6.711206,
                11.249159
              ],
              [
                6.730479,
                11.258154
              ],
              [
                6.753695,
                11.26223
              ],
              [
                6.755549,
                11.263022
              ],
              [
                6.758401,
                11.263442
              ],
              [
                6.759542,
                11.264048
              ],
              [
                6.76016,
                11.266612
              ],
              [
                6.760636,
                11.267078
              ],
              [
                6.764296,
                11.267264
              ],
              [
                6.766774,
                11.272162
              ],
              [
                6.766537,
                11.296906
              ],
              [
                6.767894,
                11.308213
              ],
              [
                6.770643,
                11.320119
              ],
              [
                6.773998,
                11.322403
              ],
              [
                6.777265,
                11.322234
              ],
              [
                6.787133,
                11.319833
              ],
              [
                6.815329,
                11.308126
              ],
              [
                6.819546,
                11.308409
              ],
              [
                6.820781,
                11.309923
              ],
              [
                6.821049,
                11.310447
              ],
              [
                6.822505,
                11.310651
              ],
              [
                6.823871,
                11.310156
              ],
              [
                6.824614,
                11.309661
              ],
              [
                6.825149,
                11.308029
              ],
              [
                6.827585,
                11.307563
              ],
              [
                6.8284,
                11.3075
              ],
              [
                6.829486,
                11.307184
              ],
              [
                6.835677,
                11.310018
              ],
              [
                6.836439,
                11.310913
              ],
              [
                6.836839,
                11.313466
              ],
              [
                6.836201,
                11.316128
              ],
              [
                6.836973,
                11.316973
              ],
              [
                6.83894,
                11.318114
              ],
              [
                6.839857,
                11.318865
              ],
              [
                6.835321,
                11.328828
              ],
              [
                6.833358,
                11.337394
              ],
              [
                6.832288,
                11.347269
              ],
              [
                6.832882,
                11.351968
              ],
              [
                6.834608,
                11.353634
              ],
              [
                6.837582,
                11.356251
              ],
              [
                6.844542,
                11.360356
              ],
              [
                6.858937,
                11.363151
              ],
              [
                6.862864,
                11.363389
              ],
              [
                6.868039,
                11.364103
              ],
              [
                6.873185,
                11.364697
              ],
              [
                6.874602,
                11.365688
              ],
              [
                6.876643,
                11.365746
              ],
              [
                6.877891,
                11.3662
              ],
              [
                6.879175,
                11.367319
              ],
              [
                6.879852,
                11.369032
              ],
              [
                6.881528,
                11.372981
              ],
              [
                6.882864,
                11.37424
              ],
              [
                6.885485,
                11.378713
              ],
              [
                6.88741,
                11.381579
              ],
              [
                6.887838,
                11.382348
              ],
              [
                6.889442,
                11.383641
              ],
              [
                6.89176,
                11.383397
              ],
              [
                6.893403,
                11.382257
              ],
              [
                6.895289,
                11.381265
              ],
              [
                6.897749,
                11.3813
              ],
              [
                6.897991,
                11.38407
              ],
              [
                6.911015,
                11.385044
              ],
              [
                6.919288,
                11.384913
              ],
              [
                6.923968,
                11.382525
              ],
              [
                6.928623,
                11.378978
              ],
              [
                6.934462,
                11.375406
              ],
              [
                6.940347,
                11.374159
              ],
              [
                6.946162,
                11.369428
              ],
              [
                6.949636,
                11.365897
              ],
              [
                6.954316,
                11.363509
              ],
              [
                6.958996,
                11.36112
              ],
              [
                6.961312,
                11.358763
              ],
              [
                6.96838,
                11.3575
              ],
              [
                6.97547,
                11.357385
              ],
              [
                6.981427,
                11.359621
              ],
              [
                6.988541,
                11.360675
              ],
              [
                6.995633,
                11.36057
              ],
              [
                7.002672,
                11.36177
              ],
              [
                7.006193,
                11.36179
              ],
              [
                7.013628,
                11.34923
              ],
              [
                7.013422,
                11.346012
              ],
              [
                7.01225,
                11.346433
              ],
              [
                7.009897,
                11.3474
              ],
              [
                7.008189,
                11.340752
              ],
              [
                7.009619,
                11.330912
              ],
              [
                7.008716,
                11.314622
              ],
              [
                7.007575,
                11.310986
              ],
              [
                7.007728,
                11.308654
              ],
              [
                7.008748,
                11.304437
              ],
              [
                7.0087,
                11.29384
              ],
              [
                7.005187,
                11.29036
              ],
              [
                7.002845,
                11.28804
              ],
              [
                6.999335,
                11.28341
              ],
              [
                6.996993,
                11.28109
              ],
              [
                6.993477,
                11.27876
              ],
              [
                6.988791,
                11.27527
              ],
              [
                6.986448,
                11.27295
              ],
              [
                6.984107,
                11.27063
              ],
              [
                6.980597,
                11.266
              ],
              [
                6.978254,
                11.26367
              ],
              [
                6.975915,
                11.2602
              ],
              [
                6.973768,
                11.257368
              ],
              [
                6.972405,
                11.25557
              ],
              [
                6.971901,
                11.25474
              ],
              [
                6.968897,
                11.24979
              ],
              [
                6.967734,
                11.24517
              ],
              [
                6.970087,
                11.24288
              ],
              [
                6.9757,
                11.239037
              ],
              [
                6.983951,
                11.234318
              ],
              [
                6.999068,
                11.226764
              ],
              [
                7.013899,
                11.217113
              ],
              [
                7.02545,
                11.209559
              ],
              [
                7.03046,
                11.208041
              ],
              [
                7.036716,
                11.205746
              ],
              [
                7.040247,
                11.204838
              ],
              [
                7.043369,
                11.205213
              ],
              [
                7.043383,
                11.205214
              ],
              [
                7.046902,
                11.204838
              ],
              [
                7.049278,
                11.203952
              ],
              [
                7.051893,
                11.20316
              ],
              [
                7.053889,
                11.202041
              ],
              [
                7.058421,
                11.200257
              ],
              [
                7.061356,
                11.207753
              ],
              [
                7.068961,
                11.203291
              ],
              [
                7.073744,
                11.19889
              ],
              [
                7.076655,
                11.195305
              ],
              [
                7.084558,
                11.181024
              ],
              [
                7.089894,
                11.17485
              ],
              [
                7.095754,
                11.169523
              ],
              [
                7.101421,
                11.166456
              ],
              [
                7.109265,
                11.162491
              ],
              [
                7.118679,
                11.156086
              ],
              [
                7.121306,
                11.149295
              ],
              [
                7.12335,
                11.145044
              ],
              [
                7.129292,
                11.138165
              ],
              [
                7.133808,
                11.135366
              ],
              [
                7.144266,
                11.130119
              ],
              [
                7.15211,
                11.128836
              ],
              [
                7.161554,
                11.130867
              ],
              [
                7.173026,
                11.1349
              ],
              [
                7.181891,
                11.140368
              ],
              [
                7.185864,
                11.141995
              ],
              [
                7.200134,
                11.151633
              ],
              [
                7.200276,
                11.151729
              ],
              [
                7.201025,
                11.153385
              ],
              [
                7.200074,
                11.173159
              ],
              [
                7.206467,
                11.185572
              ],
              [
                7.219711,
                11.194186
              ],
              [
                7.218499,
                11.199852
              ],
              [
                7.216218,
                11.200061
              ],
              [
                7.211369,
                11.20244
              ],
              [
                7.208731,
                11.207895
              ],
              [
                7.206567,
                11.215498
              ],
              [
                7.202741,
                11.222164
              ],
              [
                7.200578,
                11.228505
              ],
              [
                7.199746,
                11.234566
              ],
              [
                7.199746,
                11.238762
              ],
              [
                7.199033,
                11.243425
              ],
              [
                7.19652,
                11.249405
              ],
              [
                7.195329,
                11.252239
              ],
              [
                7.194786,
                11.257561
              ],
              [
                7.209957,
                11.261107
              ],
              [
                7.215127,
                11.269965
              ],
              [
                7.222122,
                11.276118
              ],
              [
                7.227398,
                11.278635
              ],
              [
                7.232833,
                11.276808
              ],
              [
                7.232894,
                11.276787
              ],
              [
                7.234885,
                11.276118
              ],
              [
                7.238451,
                11.275772
              ],
              [
                7.240615,
                11.275064
              ],
              [
                7.243917,
                11.273985
              ],
              [
                7.249562,
                11.272936
              ],
              [
                7.252297,
                11.272885
              ],
              [
                7.252711,
                11.272878
              ],
              [
                7.257049,
                11.27515
              ],
              [
                7.258462,
                11.276497
              ],
              [
                7.260498,
                11.278528
              ],
              [
                7.260563,
                11.278499
              ],
              [
                7.262696,
                11.277542
              ],
              [
                7.265653,
                11.278117
              ],
              [
                7.267792,
                11.277277
              ],
              [
                7.270197,
                11.275412
              ],
              [
                7.273282,
                11.27441
              ],
              [
                7.275084,
                11.274799
              ],
              [
                7.276847,
                11.27518
              ],
              [
                7.280983,
                11.275669
              ],
              [
                7.283993,
                11.27545
              ],
              [
                7.289577,
                11.284329
              ],
              [
                7.291032,
                11.281904
              ],
              [
                7.293862,
                11.27719
              ],
              [
                7.29757,
                11.273647
              ],
              [
                7.301848,
                11.271409
              ],
              [
                7.306602,
                11.269358
              ],
              [
                7.320197,
                11.265069
              ],
              [
                7.329894,
                11.263484
              ],
              [
                7.341208,
                11.262365
              ],
              [
                7.35043,
                11.262738
              ],
              [
                7.357782,
                11.264257
              ],
              [
                7.35897,
                11.270458
              ],
              [
                7.360206,
                11.274374
              ],
              [
                7.361109,
                11.278336
              ],
              [
                7.363264,
                11.286514
              ],
              [
                7.364614,
                11.290344
              ],
              [
                7.364336,
                11.29284
              ],
              [
                7.364323,
                11.2986
              ],
              [
                7.364293,
                11.31127
              ],
              [
                7.366621,
                11.31936
              ],
              [
                7.366613,
                11.32281
              ],
              [
                7.37011,
                11.3332
              ],
              [
                7.37362,
                11.33784
              ],
              [
                7.376078,
                11.341891
              ],
              [
                7.377128,
                11.34362
              ],
              [
                7.380635,
                11.34941
              ],
              [
                7.382972,
                11.35403
              ],
              [
                7.383584,
                11.355242
              ],
              [
                7.388813,
                11.36559
              ],
              [
                7.389979,
                11.370208
              ],
              [
                7.392313,
                11.37483
              ],
              [
                7.397914,
                11.378042
              ],
              [
                7.405453,
                11.375336
              ],
              [
                7.40633,
                11.3753
              ],
              [
                7.41506,
                11.374941
              ],
              [
                7.418123,
                11.374815
              ],
              [
                7.423798,
                11.374139
              ],
              [
                7.427572,
                11.374047
              ],
              [
                7.429112,
                11.374494
              ],
              [
                7.433618,
                11.375054
              ],
              [
                7.440463,
                11.376004
              ],
              [
                7.447737,
                11.377079
              ],
              [
                7.45437,
                11.378406
              ],
              [
                7.467637,
                11.377683
              ],
              [
                7.467724,
                11.377659
              ],
              [
                7.472504,
                11.376016
              ],
              [
                7.47723,
                11.368309
              ],
              [
                7.477446,
                11.36753
              ],
              [
                7.482976,
                11.357613
              ],
              [
                7.489499,
                11.352182
              ],
              [
                7.496359,
                11.351569
              ],
              [
                7.501136,
                11.353561
              ],
              [
                7.503667,
                11.355344
              ],
              [
                7.505628,
                11.356463
              ],
              [
                7.510619,
                11.358001
              ],
              [
                7.520295,
                11.361601
              ],
              [
                7.521892,
                11.353547
              ],
              [
                7.521664,
                11.346948
              ],
              [
                7.521725,
                11.340404
              ],
              [
                7.522407,
                11.340415
              ],
              [
                7.524903,
                11.340206
              ],
              [
                7.529901,
                11.339159
              ],
              [
                7.534117,
                11.336529
              ],
              [
                7.537348,
                11.334978
              ],
              [
                7.538319,
                11.334512
              ],
              [
                7.544511,
                11.333424
              ],
              [
                7.550928,
                11.331397
              ],
              [
                7.555848,
                11.327272
              ],
              [
                7.562184,
                11.323247
              ],
              [
                7.569967,
                11.321399
              ],
              [
                7.573984,
                11.319052
              ],
              [
                7.577561,
                11.315481
              ],
              [
                7.582374,
                11.306571
              ],
              [
                7.585785,
                11.302741
              ],
              [
                7.593138,
                11.292018
              ],
              [
                7.599452,
                11.282605
              ],
              [
                7.601968,
                11.278898
              ],
              [
                7.605281,
                11.274388
              ],
              [
                7.607502,
                11.271802
              ],
              [
                7.607602,
                11.271855
              ],
              [
                7.618668,
                11.27769
              ],
              [
                7.627903,
                11.283531
              ],
              [
                7.629092,
                11.284061
              ],
              [
                7.63104,
                11.28493
              ],
              [
                7.634594,
                11.286294
              ],
              [
                7.638955,
                11.287797
              ],
              [
                7.64195,
                11.288846
              ],
              [
                7.647929,
                11.290018
              ],
              [
                7.648149,
                11.290238
              ],
              [
                7.64832,
                11.290713
              ],
              [
                7.648415,
                11.290993
              ],
              [
                7.648462,
                11.291217
              ],
              [
                7.64928,
                11.291273
              ],
              [
                7.649521,
                11.291074
              ],
              [
                7.649833,
                11.291269
              ],
              [
                7.650449,
                11.291608
              ],
              [
                7.650098,
                11.291813
              ],
              [
                7.649917,
                11.292047
              ],
              [
                7.650497,
                11.292382
              ],
              [
                7.650858,
                11.292671
              ],
              [
                7.651666,
                11.293007
              ],
              [
                7.652227,
                11.293025
              ],
              [
                7.652484,
                11.292587
              ],
              [
                7.652703,
                11.292308
              ],
              [
                7.653264,
                11.292186
              ],
              [
                7.653758,
                11.291981
              ],
              [
                7.655013,
                11.292037
              ],
              [
                7.655476,
                11.292364
              ],
              [
                7.655738,
                11.292841
              ],
              [
                7.655821,
                11.293005
              ],
              [
                7.656106,
                11.293098
              ],
              [
                7.65632,
                11.293168
              ],
              [
                7.656576,
                11.292882
              ],
              [
                7.656962,
                11.292876
              ],
              [
                7.657026,
                11.293025
              ],
              [
                7.657544,
                11.293191
              ],
              [
                7.657762,
                11.293047
              ],
              [
                7.657991,
                11.292974
              ],
              [
                7.658067,
                11.293121
              ],
              [
                7.658043,
                11.293494
              ],
              [
                7.65859,
                11.293785
              ],
              [
                7.660408,
                11.29445
              ],
              [
                7.660705,
                11.295149
              ],
              [
                7.661038,
                11.295347
              ],
              [
                7.662108,
                11.296174
              ],
              [
                7.662987,
                11.296675
              ],
              [
                7.663985,
                11.29748
              ],
              [
                7.663973,
                11.297934
              ],
              [
                7.66389,
                11.298657
              ],
              [
                7.663938,
                11.299018
              ],
              [
                7.664009,
                11.299251
              ],
              [
                7.664092,
                11.299601
              ],
              [
                7.664312,
                11.300022
              ],
              [
                7.668301,
                11.297439
              ],
              [
                7.668715,
                11.296955
              ],
              [
                7.66883,
                11.29691
              ],
              [
                7.66927,
                11.297714
              ],
              [
                7.669344,
                11.297748
              ],
              [
                7.669523,
                11.298144
              ],
              [
                7.66977,
                11.298755
              ],
              [
                7.670081,
                11.299368
              ],
              [
                7.671079,
                11.300557
              ],
              [
                7.671502,
                11.301014
              ],
              [
                7.671751,
                11.301154
              ],
              [
                7.672025,
                11.301259
              ],
              [
                7.672334,
                11.30141
              ],
              [
                7.673356,
                11.303287
              ],
              [
                7.673938,
                11.304044
              ],
              [
                7.674389,
                11.304464
              ],
              [
                7.674865,
                11.305139
              ],
              [
                7.675007,
                11.305524
              ],
              [
                7.675328,
                11.306153
              ],
              [
                7.676041,
                11.306538
              ],
              [
                7.676695,
                11.306468
              ],
              [
                7.677093,
                11.306349
              ],
              [
                7.67745,
                11.306165
              ],
              [
                7.678044,
                11.305978
              ],
              [
                7.678436,
                11.305955
              ],
              [
                7.678828,
                11.306013
              ],
              [
                7.67909,
                11.30592
              ],
              [
                7.67941,
                11.305908
              ],
              [
                7.679791,
                11.30592
              ],
              [
                7.680219,
                11.305862
              ],
              [
                7.680468,
                11.305931
              ],
              [
                7.680979,
                11.305955
              ],
              [
                7.681823,
                11.306223
              ],
              [
                7.68231,
                11.306246
              ],
              [
                7.682774,
                11.306444
              ],
              [
                7.68338,
                11.306491
              ],
              [
                7.684247,
                11.306398
              ],
              [
                7.684485,
                11.306258
              ],
              [
                7.684105,
                11.307015
              ],
              [
                7.683879,
                11.307481
              ],
              [
                7.683701,
                11.307819
              ],
              [
                7.683606,
                11.308134
              ],
              [
                7.683621,
                11.308259
              ],
              [
                7.683422,
                11.308826
              ],
              [
                7.683194,
                11.309143
              ],
              [
                7.682997,
                11.309379
              ],
              [
                7.683182,
                11.309444
              ],
              [
                7.683486,
                11.309658
              ],
              [
                7.683781,
                11.309575
              ],
              [
                7.684018,
                11.309407
              ],
              [
                7.684294,
                11.309192
              ],
              [
                7.684827,
                11.3095
              ],
              [
                7.685711,
                11.309686
              ],
              [
                7.685967,
                11.309705
              ],
              [
                7.686072,
                11.309602
              ],
              [
                7.686538,
                11.309789
              ],
              [
                7.68669,
                11.309425
              ],
              [
                7.686956,
                11.309369
              ],
              [
                7.687337,
                11.309383
              ],
              [
                7.687631,
                11.309388
              ],
              [
                7.688553,
                11.309146
              ],
              [
                7.688962,
                11.309108
              ],
              [
                7.689314,
                11.308931
              ],
              [
                7.689808,
                11.308847
              ],
              [
                7.706176,
                11.310042
              ],
              [
                7.706414,
                11.312631
              ],
              [
                7.706898,
                11.313509
              ],
              [
                7.707016,
                11.314077
              ],
              [
                7.706978,
                11.314748
              ],
              [
                7.707058,
                11.31593
              ],
              [
                7.706817,
                11.317023
              ],
              [
                7.706568,
                11.318093
              ],
              [
                7.707092,
                11.318067
              ],
              [
                7.70733,
                11.318198
              ],
              [
                7.707663,
                11.318282
              ],
              [
                7.707691,
                11.317452
              ],
              [
                7.707891,
                11.316641
              ],
              [
                7.708167,
                11.316016
              ],
              [
                7.708376,
                11.315802
              ],
              [
                7.708975,
                11.315849
              ],
              [
                7.709659,
                11.316082
              ],
              [
                7.710135,
                11.316296
              ],
              [
                7.710572,
                11.316324
              ],
              [
                7.711133,
                11.316408
              ],
              [
                7.711722,
                11.316641
              ],
              [
                7.71228,
                11.316968
              ],
              [
                7.712531,
                11.317247
              ],
              [
                7.713025,
                11.317666
              ],
              [
                7.714014,
                11.318375
              ],
              [
                7.714798,
                11.317936
              ],
              [
                7.715102,
                11.317893
              ],
              [
                7.715373,
                11.317899
              ],
              [
                7.715668,
                11.317955
              ],
              [
                7.715991,
                11.318319
              ],
              [
                7.716084,
                11.318523
              ],
              [
                7.716809,
                11.319121
              ],
              [
                7.71871,
                11.321339
              ],
              [
                7.71713,
                11.322475
              ],
              [
                7.718713,
                11.323358
              ],
              [
                7.720022,
                11.324239
              ],
              [
                7.721078,
                11.324947
              ],
              [
                7.72118,
                11.324992
              ],
              [
                7.721137,
                11.325093
              ],
              [
                7.721008,
                11.325406
              ],
              [
                7.719188,
                11.329311
              ],
              [
                7.717287,
                11.333832
              ],
              [
                7.716461,
                11.336083
              ],
              [
                7.716647,
                11.336236
              ],
              [
                7.717973,
                11.33681
              ],
              [
                7.715433,
                11.342361
              ],
              [
                7.714479,
                11.344407
              ],
              [
                7.713267,
                11.348392
              ],
              [
                7.713671,
                11.350419
              ],
              [
                7.714669,
                11.352749
              ],
              [
                7.715953,
                11.356315
              ],
              [
                7.716856,
                11.358528
              ],
              [
                7.717521,
                11.361397
              ],
              [
                7.717789,
                11.361672
              ],
              [
                7.717998,
                11.363082
              ],
              [
                7.717748,
                11.364561
              ],
              [
                7.719573,
                11.367889
              ],
              [
                7.719716,
                11.368322
              ],
              [
                7.719844,
                11.368756
              ],
              [
                7.720001,
                11.369007
              ],
              [
                7.720486,
                11.369706
              ],
              [
                7.720995,
                11.370173
              ],
              [
                7.72117,
                11.370198
              ],
              [
                7.72179,
                11.370303
              ],
              [
                7.722639,
                11.37047
              ],
              [
                7.723273,
                11.370547
              ],
              [
                7.724036,
                11.370764
              ],
              [
                7.725683,
                11.370887
              ],
              [
                7.72614,
                11.370995
              ],
              [
                7.726547,
                11.370951
              ],
              [
                7.726881,
                11.370841
              ],
              [
                7.727059,
                11.370883
              ],
              [
                7.727204,
                11.370973
              ],
              [
                7.727523,
                11.370946
              ],
              [
                7.727872,
                11.370946
              ],
              [
                7.728542,
                11.3711
              ],
              [
                7.728899,
                11.371253
              ],
              [
                7.729163,
                11.3714
              ],
              [
                7.72984,
                11.371652
              ],
              [
                7.730125,
                11.371638
              ],
              [
                7.730404,
                11.37147
              ],
              [
                7.730853,
                11.371274
              ],
              [
                7.731011,
                11.371241
              ],
              [
                7.731152,
                11.371211
              ],
              [
                7.731965,
                11.370967
              ],
              [
                7.732578,
                11.370764
              ],
              [
                7.733626,
                11.370575
              ],
              [
                7.734796,
                11.370617
              ],
              [
                7.735373,
                11.370582
              ],
              [
                7.735716,
                11.370487
              ],
              [
                7.736453,
                11.370048
              ],
              [
                7.736824,
                11.369778
              ],
              [
                7.737328,
                11.369694
              ],
              [
                7.73766,
                11.369498
              ],
              [
                7.737822,
                11.369396
              ],
              [
                7.737946,
                11.369135
              ],
              [
                7.738849,
                11.368948
              ],
              [
                7.739438,
                11.36893
              ],
              [
                7.739723,
                11.368855
              ],
              [
                7.740997,
                11.368858
              ],
              [
                7.741206,
                11.368678
              ],
              [
                7.74133,
                11.368417
              ],
              [
                7.741587,
                11.368297
              ],
              [
                7.742461,
                11.368492
              ],
              [
                7.743084,
                11.368566
              ],
              [
                7.74356,
                11.368677
              ],
              [
                7.744118,
                11.368869
              ],
              [
                7.744522,
                11.368933
              ],
              [
                7.745099,
                11.369116
              ],
              [
                7.745558,
                11.369278
              ],
              [
                7.745852,
                11.369455
              ],
              [
                7.746081,
                11.36953
              ],
              [
                7.746462,
                11.369537
              ],
              [
                7.746594,
                11.369539
              ],
              [
                7.746823,
                11.36961
              ],
              [
                7.747069,
                11.369688
              ],
              [
                7.747293,
                11.369806
              ],
              [
                7.747523,
                11.36983
              ],
              [
                7.747766,
                11.37004
              ],
              [
                7.748022,
                11.370215
              ],
              [
                7.748579,
                11.370459
              ],
              [
                7.749013,
                11.370774
              ],
              [
                7.749384,
                11.370935
              ],
              [
                7.749776,
                11.371095
              ],
              [
                7.750197,
                11.371249
              ],
              [
                7.750418,
                11.371375
              ],
              [
                7.750667,
                11.371434
              ],
              [
                7.750875,
                11.371447
              ],
              [
                7.751176,
                11.371498
              ],
              [
                7.751624,
                11.371493
              ],
              [
                7.751842,
                11.371528
              ],
              [
                7.752071,
                11.371656
              ],
              [
                7.752487,
                11.371911
              ],
              [
                7.752904,
                11.372084
              ],
              [
                7.753752,
                11.372375
              ],
              [
                7.754022,
                11.372467
              ],
              [
                7.754319,
                11.3725
              ],
              [
                7.754816,
                11.37243
              ],
              [
                7.75559,
                11.374189
              ],
              [
                7.756268,
                11.375727
              ],
              [
                7.757088,
                11.377113
              ],
              [
                7.760005,
                11.375406
              ],
              [
                7.763026,
                11.377801
              ],
              [
                7.764804,
                11.379283
              ],
              [
                7.765223,
                11.379349
              ],
              [
                7.765936,
                11.379349
              ],
              [
                7.766658,
                11.379479
              ],
              [
                7.766981,
                11.37947
              ],
              [
                7.767571,
                11.379153
              ],
              [
                7.768322,
                11.378976
              ],
              [
                7.768465,
                11.378976
              ],
              [
                7.768959,
                11.379116
              ],
              [
                7.769377,
                11.379125
              ],
              [
                7.769548,
                11.378836
              ],
              [
                7.769681,
                11.378733
              ],
              [
                7.770461,
                11.37851
              ],
              [
                7.770889,
                11.378305
              ],
              [
                7.771183,
                11.378137
              ],
              [
                7.77145,
                11.377736
              ],
              [
                7.771687,
                11.377438
              ],
              [
                7.77261,
                11.376487
              ],
              [
                7.7755,
                11.37494
              ],
              [
                7.775187,
                11.374514
              ],
              [
                7.775175,
                11.374013
              ],
              [
                7.774902,
                11.373453
              ],
              [
                7.774973,
                11.372673
              ],
              [
                7.775223,
                11.37209
              ],
              [
                7.775128,
                11.371904
              ],
              [
                7.775484,
                11.370471
              ],
              [
                7.775473,
                11.370249
              ],
              [
                7.775972,
                11.369061
              ],
              [
                7.776447,
                11.368502
              ],
              [
                7.777802,
                11.367535
              ],
              [
                7.77804,
                11.367418
              ],
              [
                7.778788,
                11.36651
              ],
              [
                7.779228,
                11.36602
              ],
              [
                7.77747,
                11.364945
              ],
              [
                7.778622,
                11.364121
              ],
              [
                7.780969,
                11.362125
              ],
              [
                7.783108,
                11.361146
              ],
              [
                7.788997,
                11.35988
              ],
              [
                7.789888,
                11.361232
              ],
              [
                7.790922,
                11.364412
              ],
              [
                7.793465,
                11.369259
              ],
              [
                7.794087,
                11.370348
              ],
              [
                7.794605,
                11.37101
              ],
              [
                7.794943,
                11.371481
              ],
              [
                7.795479,
                11.372012
              ],
              [
                7.796196,
                11.37177
              ],
              [
                7.796642,
                11.372458
              ],
              [
                7.797367,
                11.373891
              ],
              [
                7.797928,
                11.374983
              ],
              [
                7.798247,
                11.375732
              ],
              [
                7.798377,
                11.376122
              ],
              [
                7.798415,
                11.376404
              ],
              [
                7.798443,
                11.376736
              ],
              [
                7.800465,
                11.376739
              ],
              [
                7.801334,
                11.374113
              ],
              [
                7.801633,
                11.373607
              ],
              [
                7.80284,
                11.372638
              ],
              [
                7.803566,
                11.372549
              ],
              [
                7.804077,
                11.372377
              ],
              [
                7.804764,
                11.372031
              ],
              [
                7.805121,
                11.37171
              ],
              [
                7.80552,
                11.371696
              ],
              [
                7.805496,
                11.372021
              ],
              [
                7.80541,
                11.37251
              ],
              [
                7.805396,
                11.373405
              ],
              [
                7.805681,
                11.37381
              ],
              [
                7.805853,
                11.374397
              ],
              [
                7.806064,
                11.375362
              ],
              [
                7.806066,
                11.37581
              ],
              [
                7.806152,
                11.376215
              ],
              [
                7.806081,
                11.37704
              ],
              [
                7.80616,
                11.377499
              ],
              [
                7.808228,
                11.37831
              ],
              [
                7.809447,
                11.378672
              ],
              [
                7.809768,
                11.378883
              ],
              [
                7.810039,
                11.378936
              ],
              [
                7.811258,
                11.379175
              ],
              [
                7.811736,
                11.379009
              ],
              [
                7.812045,
                11.378915
              ],
              [
                7.8135,
                11.378474
              ],
              [
                7.813471,
                11.378306
              ],
              [
                7.813533,
                11.377547
              ],
              [
                7.813859,
                11.377422
              ],
              [
                7.818437,
                11.373438
              ],
              [
                7.819492,
                11.372236
              ],
              [
                7.819713,
                11.372328
              ],
              [
                7.820062,
                11.372473
              ],
              [
                7.820841,
                11.372906
              ],
              [
                7.821055,
                11.373017
              ],
              [
                7.821233,
                11.373343
              ],
              [
                7.821361,
                11.373494
              ],
              [
                7.821507,
                11.37327
              ],
              [
                7.821845,
                11.372831
              ],
              [
                7.822255,
                11.372184
              ],
              [
                7.822333,
                11.372066
              ],
              [
                7.822405,
                11.372011
              ],
              [
                7.822498,
                11.371938
              ],
              [
                7.822553,
                11.371915
              ],
              [
                7.822634,
                11.371839
              ],
              [
                7.82308,
                11.371668
              ],
              [
                7.82314,
                11.371654
              ],
              [
                7.82317,
                11.371596
              ],
              [
                7.823534,
                11.371569
              ],
              [
                7.823866,
                11.37134
              ],
              [
                7.824097,
                11.371279
              ],
              [
                7.824267,
                11.371255
              ],
              [
                7.824789,
                11.370884
              ],
              [
                7.825084,
                11.370717
              ],
              [
                7.825264,
                11.37059
              ],
              [
                7.825284,
                11.370727
              ],
              [
                7.825343,
                11.370884
              ],
              [
                7.825456,
                11.371018
              ],
              [
                7.825744,
                11.371254
              ],
              [
                7.826702,
                11.369803
              ],
              [
                7.826718,
                11.36977
              ],
              [
                7.826804,
                11.369599
              ],
              [
                7.827727,
                11.369944
              ],
              [
                7.827822,
                11.369978
              ],
              [
                7.829081,
                11.370428
              ],
              [
                7.830551,
                11.370924
              ],
              [
                7.831836,
                11.371599
              ],
              [
                7.832058,
                11.371664
              ],
              [
                7.832549,
                11.371809
              ],
              [
                7.832742,
                11.371865
              ],
              [
                7.832863,
                11.371886
              ],
              [
                7.832934,
                11.372466
              ],
              [
                7.833027,
                11.372896
              ],
              [
                7.833072,
                11.373104
              ],
              [
                7.833166,
                11.373233
              ],
              [
                7.833481,
                11.373472
              ],
              [
                7.83365,
                11.373601
              ],
              [
                7.833782,
                11.373843
              ],
              [
                7.83394,
                11.374034
              ],
              [
                7.834047,
                11.374312
              ],
              [
                7.83423,
                11.374593
              ],
              [
                7.834516,
                11.374812
              ],
              [
                7.834737,
                11.375237
              ],
              [
                7.834986,
                11.375596
              ],
              [
                7.83502,
                11.375645
              ],
              [
                7.835221,
                11.376052
              ],
              [
                7.835327,
                11.376233
              ],
              [
                7.835358,
                11.376287
              ],
              [
                7.835487,
                11.376651
              ],
              [
                7.835548,
                11.376839
              ],
              [
                7.835938,
                11.377385
              ],
              [
                7.83624,
                11.377343
              ],
              [
                7.836588,
                11.377284
              ],
              [
                7.836852,
                11.377314
              ],
              [
                7.837327,
                11.377204
              ],
              [
                7.837535,
                11.377233
              ],
              [
                7.838088,
                11.377396
              ],
              [
                7.838504,
                11.377518
              ],
              [
                7.838725,
                11.377535
              ],
              [
                7.839011,
                11.377602
              ],
              [
                7.839249,
                11.377635
              ],
              [
                7.839451,
                11.3777
              ],
              [
                7.839672,
                11.37775
              ],
              [
                7.839801,
                11.377745
              ],
              [
                7.839943,
                11.377698
              ],
              [
                7.840092,
                11.37758
              ],
              [
                7.840195,
                11.377541
              ],
              [
                7.840299,
                11.377512
              ],
              [
                7.840359,
                11.377448
              ],
              [
                7.84042,
                11.377352
              ],
              [
                7.840491,
                11.377291
              ],
              [
                7.840577,
                11.377277
              ],
              [
                7.840694,
                11.377316
              ],
              [
                7.840765,
                11.377343
              ],
              [
                7.840857,
                11.37737
              ],
              [
                7.840959,
                11.377406
              ],
              [
                7.841054,
                11.377435
              ],
              [
                7.841131,
                11.377462
              ],
              [
                7.841226,
                11.377477
              ],
              [
                7.841366,
                11.377483
              ],
              [
                7.841506,
                11.377477
              ],
              [
                7.841661,
                11.377477
              ],
              [
                7.841842,
                11.377474
              ],
              [
                7.842038,
                11.377465
              ],
              [
                7.842157,
                11.377444
              ],
              [
                7.842273,
                11.377423
              ],
              [
                7.842345,
                11.377403
              ],
              [
                7.842398,
                11.377361
              ],
              [
                7.842487,
                11.377328
              ],
              [
                7.842645,
                11.377313
              ],
              [
                7.842874,
                11.37731
              ],
              [
                7.843014,
                11.377296
              ],
              [
                7.843148,
                11.377316
              ],
              [
                7.843442,
                11.377429
              ],
              [
                7.843826,
                11.377498
              ],
              [
                7.844218,
                11.377459
              ],
              [
                7.844979,
                11.377471
              ],
              [
                7.8452,
                11.377497
              ],
              [
                7.845556,
                11.377446
              ],
              [
                7.846008,
                11.377432
              ],
              [
                7.846879,
                11.37738
              ],
              [
                7.847799,
                11.377723
              ],
              [
                7.848213,
                11.377995
              ],
              [
                7.848733,
                11.378149
              ],
              [
                7.848926,
                11.378079
              ],
              [
                7.849503,
                11.378275
              ],
              [
                7.85058,
                11.378387
              ],
              [
                7.851136,
                11.378317
              ],
              [
                7.851329,
                11.378366
              ],
              [
                7.85197,
                11.378247
              ],
              [
                7.852051,
                11.378245
              ],
              [
                7.852086,
                11.378245
              ],
              [
                7.852143,
                11.378238
              ],
              [
                7.852215,
                11.378259
              ],
              [
                7.852314,
                11.37828
              ],
              [
                7.852507,
                11.378336
              ],
              [
                7.852649,
                11.378322
              ],
              [
                7.852835,
                11.378322
              ],
              [
                7.853049,
                11.378308
              ],
              [
                7.853298,
                11.378301
              ],
              [
                7.853562,
                11.37828
              ],
              [
                7.853733,
                11.378287
              ],
              [
                7.854054,
                11.37821
              ],
              [
                7.854345,
                11.378119
              ],
              [
                7.854977,
                11.377974
              ],
              [
                7.85528,
                11.377996
              ],
              [
                7.855402,
                11.378028
              ],
              [
                7.85567,
                11.378065
              ],
              [
                7.855785,
                11.378065
              ],
              [
                7.855852,
                11.378226
              ],
              [
                7.855871,
                11.378831
              ],
              [
                7.85589,
                11.379325
              ],
              [
                7.855801,
                11.379576
              ],
              [
                7.855712,
                11.379826
              ],
              [
                7.855766,
                11.380257
              ],
              [
                7.855747,
                11.38049
              ],
              [
                7.855728,
                11.380854
              ],
              [
                7.855947,
                11.381562
              ],
              [
                7.856289,
                11.382131
              ],
              [
                7.85627,
                11.382541
              ],
              [
                7.856422,
                11.383603
              ],
              [
                7.856746,
                11.384843
              ],
              [
                7.857127,
                11.385471
              ],
              [
                7.857836,
                11.385453
              ],
              [
                7.85815,
                11.385264
              ],
              [
                7.858464,
                11.385278
              ],
              [
                7.858663,
                11.385432
              ],
              [
                7.859319,
                11.38532
              ],
              [
                7.859234,
                11.384915
              ],
              [
                7.859704,
                11.384915
              ],
              [
                7.859947,
                11.384523
              ],
              [
                7.860417,
                11.384537
              ],
              [
                7.863412,
                11.383573
              ],
              [
                7.864239,
                11.382999
              ],
              [
                7.864824,
                11.382622
              ],
              [
                7.86528,
                11.382482
              ],
              [
                7.865879,
                11.382161
              ],
              [
                7.866036,
                11.381783
              ],
              [
                7.866576,
                11.381964
              ],
              [
                7.867134,
                11.382049
              ],
              [
                7.86799,
                11.382496
              ],
              [
                7.868446,
                11.382916
              ],
              [
                7.868717,
                11.383223
              ],
              [
                7.869302,
                11.383838
              ],
              [
                7.872653,
                11.384961
              ],
              [
                7.874174,
                11.385474
              ],
              [
                7.875039,
                11.385716
              ],
              [
                7.876408,
                11.385893
              ],
              [
                7.877635,
                11.386057
              ],
              [
                7.878918,
                11.386229
              ],
              [
                7.879056,
                11.387249
              ],
              [
                7.879081,
                11.388411
              ],
              [
                7.879212,
                11.389048
              ],
              [
                7.879191,
                11.38988
              ],
              [
                7.879067,
                11.391343
              ],
              [
                7.879028,
                11.391442
              ],
              [
                7.878982,
                11.391949
              ],
              [
                7.879325,
                11.391934
              ],
              [
                7.87979,
                11.391914
              ],
              [
                7.879862,
                11.392305
              ],
              [
                7.880154,
                11.393004
              ],
              [
                7.880603,
                11.393577
              ],
              [
                7.881166,
                11.394116
              ],
              [
                7.881651,
                11.394556
              ],
              [
                7.882058,
                11.394836
              ],
              [
                7.88225,
                11.395108
              ],
              [
                7.882271,
                11.395203
              ],
              [
                7.882298,
                11.395564
              ],
              [
                7.882313,
                11.395641
              ],
              [
                7.882449,
                11.396104
              ],
              [
                7.882592,
                11.396761
              ],
              [
                7.882793,
                11.397208
              ],
              [
                7.882821,
                11.39729
              ],
              [
                7.882906,
                11.397568
              ],
              [
                7.883011,
                11.397755
              ],
              [
                7.883027,
                11.398032
              ],
              [
                7.883008,
                11.398219
              ],
              [
                7.88304,
                11.398422
              ],
              [
                7.882948,
                11.398578
              ],
              [
                7.882868,
                11.398738
              ],
              [
                7.882856,
                11.398802
              ],
              [
                7.88282,
                11.398991
              ],
              [
                7.882653,
                11.39946
              ],
              [
                7.883349,
                11.399791
              ],
              [
                7.883503,
                11.400018
              ],
              [
                7.884602,
                11.401552
              ],
              [
                7.885113,
                11.402143
              ],
              [
                7.885256,
                11.401905
              ],
              [
                7.885299,
                11.40175
              ],
              [
                7.885428,
                11.401287
              ],
              [
                7.886046,
                11.402039
              ],
              [
                7.886547,
                11.402549
              ],
              [
                7.887003,
                11.403268
              ],
              [
                7.887951,
                11.404064
              ],
              [
                7.888425,
                11.404462
              ],
              [
                7.889118,
                11.405237
              ],
              [
                7.8893,
                11.4056
              ],
              [
                7.889421,
                11.406174
              ],
              [
                7.889682,
                11.406635
              ],
              [
                7.889881,
                11.407041
              ],
              [
                7.890292,
                11.407612
              ],
              [
                7.890636,
                11.408346
              ],
              [
                7.890575,
                11.409055
              ],
              [
                7.89174,
                11.410779
              ],
              [
                7.892453,
                11.410768
              ],
              [
                7.893774,
                11.413122
              ],
              [
                7.894148,
                11.41361
              ],
              [
                7.894193,
                11.413746
              ],
              [
                7.894954,
                11.416086
              ],
              [
                7.895686,
                11.417179
              ],
              [
                7.896143,
                11.418276
              ],
              [
                7.896186,
                11.418364
              ],
              [
                7.896634,
                11.418941
              ],
              [
                7.896562,
                11.419073
              ],
              [
                7.895667,
                11.42003
              ],
              [
                7.895192,
                11.420832
              ],
              [
                7.894707,
                11.421297
              ],
              [
                7.894317,
                11.42223
              ],
              [
                7.893766,
                11.423013
              ],
              [
                7.8931,
                11.424187
              ],
              [
                7.892948,
                11.425156
              ],
              [
                7.893024,
                11.426069
              ],
              [
                7.893024,
                11.426367
              ],
              [
                7.893671,
                11.427001
              ],
              [
                7.893785,
                11.427243
              ],
              [
                7.894298,
                11.427206
              ],
              [
                7.894716,
                11.427504
              ],
              [
                7.895135,
                11.427336
              ],
              [
                7.895572,
                11.427486
              ],
              [
                7.895629,
                11.427765
              ],
              [
                7.895952,
                11.42797
              ],
              [
                7.896371,
                11.427933
              ],
              [
                7.896637,
                11.427579
              ],
              [
                7.896789,
                11.427653
              ],
              [
                7.897481,
                11.428647
              ],
              [
                7.897325,
                11.42885
              ],
              [
                7.897442,
                11.42917
              ],
              [
                7.897283,
                11.429834
              ],
              [
                7.897645,
                11.430263
              ],
              [
                7.898299,
                11.430321
              ],
              [
                7.898551,
                11.430442
              ],
              [
                7.898405,
                11.430933
              ],
              [
                7.898614,
                11.431083
              ],
              [
                7.899354,
                11.430827
              ],
              [
                7.89953,
                11.430781
              ],
              [
                7.89966,
                11.430747
              ],
              [
                7.89988,
                11.431055
              ],
              [
                7.900059,
                11.431306
              ],
              [
                7.900478,
                11.431586
              ],
              [
                7.900674,
                11.431426
              ],
              [
                7.901427,
                11.431574
              ],
              [
                7.90148,
                11.431492
              ],
              [
                7.9016,
                11.431306
              ],
              [
                7.901904,
                11.431306
              ],
              [
                7.901915,
                11.431611
              ],
              [
                7.901917,
                11.431669
              ],
              [
                7.902607,
                11.431959
              ],
              [
                7.902908,
                11.431913
              ],
              [
                7.903349,
                11.431847
              ],
              [
                7.90333,
                11.432082
              ],
              [
                7.903311,
                11.432313
              ],
              [
                7.903945,
                11.432328
              ],
              [
                7.904975,
                11.432031
              ],
              [
                7.905142,
                11.432141
              ],
              [
                7.905486,
                11.431926
              ],
              [
                7.905818,
                11.431542
              ],
              [
                7.906531,
                11.431763
              ],
              [
                7.906674,
                11.431658
              ],
              [
                7.90665,
                11.431378
              ],
              [
                7.906912,
                11.43139
              ],
              [
                7.907268,
                11.431751
              ],
              [
                7.907755,
                11.431868
              ],
              [
                7.908255,
                11.432112
              ],
              [
                7.908815,
                11.432793
              ],
              [
                7.909395,
                11.433522
              ],
              [
                7.90955,
                11.43351
              ],
              [
                7.909907,
                11.433158
              ],
              [
                7.910158,
                11.433345
              ],
              [
                7.910703,
                11.433592
              ],
              [
                7.910957,
                11.433472
              ],
              [
                7.910989,
                11.433456
              ],
              [
                7.911266,
                11.433325
              ],
              [
                7.911535,
                11.433289
              ],
              [
                7.911817,
                11.433741
              ],
              [
                7.911891,
                11.433859
              ],
              [
                7.912675,
                11.434454
              ],
              [
                7.913341,
                11.434547
              ],
              [
                7.913937,
                11.434154
              ],
              [
                7.913984,
                11.434123
              ],
              [
                7.914102,
                11.434046
              ],
              [
                7.914498,
                11.434238
              ],
              [
                7.914666,
                11.4347
              ],
              [
                7.915247,
                11.434997
              ],
              [
                7.915892,
                11.435327
              ],
              [
                7.916687,
                11.435285
              ],
              [
                7.916841,
                11.435347
              ],
              [
                7.916984,
                11.435576
              ],
              [
                7.916925,
                11.436159
              ],
              [
                7.916687,
                11.436566
              ],
              [
                7.916841,
                11.436947
              ],
              [
                7.917208,
                11.437313
              ],
              [
                7.917782,
                11.437616
              ],
              [
                7.918092,
                11.437907
              ],
              [
                7.91819,
                11.438246
              ],
              [
                7.918161,
                11.438401
              ],
              [
                7.918079,
                11.438841
              ],
              [
                7.917878,
                11.438877
              ],
              [
                7.917677,
                11.438914
              ],
              [
                7.917614,
                11.439023
              ],
              [
                7.917739,
                11.439197
              ],
              [
                7.917753,
                11.439376
              ],
              [
                7.917604,
                11.439648
              ],
              [
                7.917704,
                11.440109
              ],
              [
                7.917903,
                11.440165
              ],
              [
                7.918046,
                11.440105
              ],
              [
                7.918231,
                11.439816
              ],
              [
                7.918459,
                11.439879
              ],
              [
                7.918499,
                11.440032
              ],
              [
                7.918345,
                11.440459
              ],
              [
                7.918431,
                11.440738
              ],
              [
                7.918716,
                11.440836
              ],
              [
                7.918939,
                11.440637
              ],
              [
                7.919121,
                11.440426
              ],
              [
                7.919146,
                11.440397
              ],
              [
                7.919349,
                11.440434
              ],
              [
                7.920144,
                11.440745
              ],
              [
                7.920495,
                11.440914
              ],
              [
                7.92067,
                11.44106
              ],
              [
                7.92144,
                11.441675
              ],
              [
                7.921615,
                11.442068
              ],
              [
                7.922391,
                11.442652
              ],
              [
                7.922823,
                11.442835
              ],
              [
                7.922943,
                11.443236
              ],
              [
                7.923021,
                11.443498
              ],
              [
                7.923435,
                11.443771
              ],
              [
                7.923853,
                11.443929
              ],
              [
                7.924014,
                11.443989
              ],
              [
                7.924151,
                11.444419
              ],
              [
                7.924293,
                11.44472
              ],
              [
                7.924985,
                11.445511
              ],
              [
                7.925368,
                11.445629
              ],
              [
                7.926048,
                11.446055
              ],
              [
                7.926191,
                11.446325
              ],
              [
                7.926525,
                11.446329
              ],
              [
                7.927223,
                11.446141
              ],
              [
                7.927486,
                11.446435
              ],
              [
                7.927213,
                11.447019
              ],
              [
                7.927154,
                11.447145
              ],
              [
                7.927486,
                11.447558
              ],
              [
                7.929403,
                11.448563
              ],
              [
                7.930151,
                11.448441
              ],
              [
                7.930829,
                11.449175
              ],
              [
                7.930997,
                11.450327
              ],
              [
                7.930808,
                11.450795
              ],
              [
                7.930658,
                11.451421
              ],
              [
                7.931284,
                11.452295
              ],
              [
                7.931495,
                11.45259
              ],
              [
                7.93154,
                11.452653
              ],
              [
                7.931259,
                11.453003
              ],
              [
                7.93139,
                11.45326
              ],
              [
                7.932637,
                11.45351
              ],
              [
                7.932952,
                11.453573
              ],
              [
                7.933384,
                11.454007
              ],
              [
                7.933192,
                11.454382
              ],
              [
                7.933323,
                11.454695
              ],
              [
                7.934618,
                11.455339
              ],
              [
                7.935181,
                11.455118
              ],
              [
                7.935771,
                11.455179
              ],
              [
                7.93582,
                11.455184
              ],
              [
                7.936551,
                11.455431
              ],
              [
                7.936666,
                11.456078
              ],
              [
                7.936702,
                11.456277
              ],
              [
                7.936934,
                11.456354
              ],
              [
                7.937201,
                11.456444
              ],
              [
                7.937659,
                11.456847
              ],
              [
                7.937668,
                11.457114
              ],
              [
                7.937677,
                11.457366
              ],
              [
                7.938316,
                11.458135
              ],
              [
                7.9392,
                11.458699
              ],
              [
                7.939795,
                11.459136
              ],
              [
                7.94053,
                11.459091
              ],
              [
                7.941018,
                11.45922
              ],
              [
                7.941881,
                11.459687
              ],
              [
                7.942013,
                11.460342
              ],
              [
                7.941762,
                11.460939
              ],
              [
                7.941826,
                11.461648
              ],
              [
                7.942238,
                11.462948
              ],
              [
                7.942495,
                11.463188
              ],
              [
                7.942681,
                11.463188
              ],
              [
                7.943056,
                11.463085
              ],
              [
                7.944121,
                11.463132
              ],
              [
                7.944442,
                11.463006
              ],
              [
                7.944777,
                11.463055
              ],
              [
                7.945027,
                11.463132
              ],
              [
                7.945055,
                11.4633
              ],
              [
                7.94492,
                11.463509
              ],
              [
                7.944607,
                11.463821
              ],
              [
                7.944528,
                11.463901
              ],
              [
                7.944535,
                11.464089
              ],
              [
                7.944663,
                11.464257
              ],
              [
                7.944795,
                11.464396
              ],
              [
                7.944853,
                11.464332
              ],
              [
                7.948743,
                11.466183
              ],
              [
                7.954048,
                11.466183
              ],
              [
                7.955983,
                11.46716
              ],
              [
                7.956485,
                11.467414
              ],
              [
                7.956872,
                11.467609
              ],
              [
                7.959182,
                11.46937
              ],
              [
                7.96269,
                11.471382
              ],
              [
                7.964823,
                11.473508
              ],
              [
                7.966802,
                11.475482
              ],
              [
                7.967653,
                11.47633
              ],
              [
                7.968423,
                11.478678
              ],
              [
                7.97137,
                11.478526
              ],
              [
                7.973774,
                11.478402
              ],
              [
                7.974926,
                11.478342
              ],
              [
                7.977921,
                11.479013
              ],
              [
                7.978691,
                11.48329
              ],
              [
                7.980231,
                11.484296
              ],
              [
                7.982541,
                11.483038
              ],
              [
                7.985878,
                11.484547
              ],
              [
                7.988615,
                11.484735
              ],
              [
                7.991012,
                11.48765
              ],
              [
                7.994777,
                11.486895
              ],
              [
                7.995462,
                11.488069
              ],
              [
                7.994948,
                11.490081
              ],
              [
                7.995718,
                11.491591
              ],
              [
                7.996657,
                11.491411
              ],
              [
                7.997601,
                11.489327
              ],
              [
                7.999483,
                11.489578
              ],
              [
                8.0009,
                11.4921
              ],
              [
                8.005986,
                11.491926
              ],
              [
                8.009087,
                11.490827
              ],
              [
                8.012318,
                11.491842
              ],
              [
                8.019997,
                11.489327
              ],
              [
                8.0225,
                11.4888
              ],
              [
                8.025666,
                11.490668
              ],
              [
                8.027805,
                11.493016
              ],
              [
                8.030286,
                11.494106
              ],
              [
                8.033452,
                11.493519
              ],
              [
                8.03583,
                11.493379
              ],
              [
                8.0391,
                11.4917
              ],
              [
                8.039173,
                11.490833
              ],
              [
                8.03947,
                11.489704
              ],
              [
                8.039565,
                11.48911
              ],
              [
                8.039672,
                11.488504
              ],
              [
                8.039862,
                11.488097
              ],
              [
                8.039969,
                11.487724
              ],
              [
                8.040123,
                11.487398
              ],
              [
                8.04023,
                11.487153
              ],
              [
                8.040551,
                11.487037
              ],
              [
                8.040836,
                11.486944
              ],
              [
                8.041203,
                11.487109
              ],
              [
                8.041339,
                11.487313
              ],
              [
                8.041549,
                11.487491
              ],
              [
                8.041799,
                11.487538
              ],
              [
                8.042179,
                11.487398
              ],
              [
                8.042494,
                11.487487
              ],
              [
                8.042548,
                11.487503
              ],
              [
                8.043106,
                11.487561
              ],
              [
                8.043724,
                11.487701
              ],
              [
                8.044009,
                11.487794
              ],
              [
                8.044222,
                11.487744
              ],
              [
                8.044651,
                11.487864
              ],
              [
                8.045449,
                11.487456
              ],
              [
                8.045685,
                11.487188
              ],
              [
                8.045804,
                11.487095
              ],
              [
                8.046053,
                11.48692
              ],
              [
                8.046374,
                11.486792
              ],
              [
                8.046671,
                11.486536
              ],
              [
                8.046957,
                11.486478
              ],
              [
                8.0473,
                11.4866
              ],
              [
                8.047384,
                11.486804
              ],
              [
                8.04742,
                11.487072
              ],
              [
                8.047705,
                11.487433
              ],
              [
                8.047848,
                11.487654
              ],
              [
                8.04805,
                11.487805
              ],
              [
                8.048347,
                11.487899
              ],
              [
                8.048644,
                11.487968
              ],
              [
                8.048977,
                11.488027
              ],
              [
                8.049547,
                11.488108
              ],
              [
                8.049809,
                11.48798
              ],
              [
                8.05026,
                11.487875
              ],
              [
                8.050795,
                11.487805
              ],
              [
                8.051152,
                11.487957
              ],
              [
                8.051366,
                11.488166
              ],
              [
                8.051366,
                11.488504
              ],
              [
                8.05132,
                11.488911
              ],
              [
                8.051294,
                11.489086
              ],
              [
                8.051437,
                11.489261
              ],
              [
                8.051675,
                11.489436
              ],
              [
                8.051948,
                11.489529
              ],
              [
                8.05234,
                11.489669
              ],
              [
                8.052673,
                11.489785
              ],
              [
                8.052756,
                11.489913
              ],
              [
                8.05291,
                11.490076
              ],
              [
                8.05316,
                11.490228
              ],
              [
                8.053517,
                11.490239
              ],
              [
                8.053897,
                11.490216
              ],
              [
                8.054099,
                11.490356
              ],
              [
                8.054427,
                11.490528
              ],
              [
                8.05476,
                11.49092
              ],
              [
                8.054764,
                11.491381
              ],
              [
                8.054836,
                11.491893
              ],
              [
                8.054943,
                11.492266
              ],
              [
                8.055121,
                11.492638
              ],
              [
                8.055465,
                11.49293
              ],
              [
                8.055691,
                11.493139
              ],
              [
                8.056012,
                11.493314
              ],
              [
                8.056499,
                11.493908
              ],
              [
                8.056583,
                11.494211
              ],
              [
                8.056511,
                11.494572
              ],
              [
                8.056522,
                11.494964
              ],
              [
                8.05655,
                11.495384
              ],
              [
                8.05656,
                11.49578
              ],
              [
                8.056655,
                11.496236
              ],
              [
                8.056835,
                11.496679
              ],
              [
                8.057363,
                11.49707
              ],
              [
                8.057767,
                11.497294
              ],
              [
                8.058067,
                11.497452
              ],
              [
                8.058461,
                11.497517
              ],
              [
                8.058864,
                11.49753
              ],
              [
                8.05961,
                11.497394
              ],
              [
                8.06013,
                11.497461
              ],
              [
                8.060679,
                11.497712
              ],
              [
                8.060935,
                11.498166
              ],
              [
                8.061156,
                11.498508
              ],
              [
                8.061135,
                11.498948
              ],
              [
                8.061085,
                11.49941
              ],
              [
                8.061106,
                11.499975
              ],
              [
                8.061385,
                11.500583
              ],
              [
                8.061891,
                11.500919
              ],
              [
                8.062575,
                11.501045
              ],
              [
                8.063545,
                11.500709
              ],
              [
                8.064336,
                11.500325
              ],
              [
                8.065185,
                11.500045
              ],
              [
                8.065777,
                11.500066
              ],
              [
                8.066468,
                11.50022
              ],
              [
                8.067174,
                11.500381
              ],
              [
                8.0677,
                11.501248
              ],
              [
                8.067961,
                11.50185
              ],
              [
                8.068408,
                11.502186
              ],
              [
                8.068845,
                11.502313
              ],
              [
                8.071439,
                11.50283
              ],
              [
                8.072142,
                11.50365
              ],
              [
                8.072675,
                11.504191
              ],
              [
                8.073492,
                11.504619
              ],
              [
                8.074652,
                11.504899
              ],
              [
                8.076611,
                11.504925
              ],
              [
                8.078512,
                11.505178
              ],
              [
                8.080058,
                11.505248
              ],
              [
                8.08125,
                11.505402
              ],
              [
                8.081916,
                11.505514
              ],
              [
                8.082239,
                11.505961
              ],
              [
                8.082277,
                11.50665
              ],
              [
                8.081859,
                11.507414
              ],
              [
                8.081669,
                11.50842
              ],
              [
                8.081745,
                11.50911
              ],
              [
                8.082448,
                11.509892
              ],
              [
                8.082943,
                11.510749
              ],
              [
                8.082866,
                11.511569
              ],
              [
                8.083499,
                11.513813
              ],
              [
                8.085222,
                11.515968
              ],
              [
                8.086593,
                11.517387
              ],
              [
                8.088946,
                11.518644
              ],
              [
                8.08998,
                11.519029
              ],
              [
                8.091798,
                11.519413
              ],
              [
                8.093403,
                11.519553
              ],
              [
                8.094793,
                11.519692
              ],
              [
                8.096398,
                11.519902
              ],
              [
                8.097574,
                11.520112
              ],
              [
                8.098394,
                11.521299
              ],
              [
                8.099464,
                11.522732
              ],
              [
                8.100747,
                11.523605
              ],
              [
                8.101531,
                11.523989
              ],
              [
                8.102155,
                11.52328
              ],
              [
                8.102993,
                11.522662
              ],
              [
                8.104098,
                11.522767
              ],
              [
                8.105418,
                11.5235
              ],
              [
                8.106874,
                11.523748
              ],
              [
                8.108514,
                11.522721
              ],
              [
                8.11,
                11.520858
              ],
              [
                8.111871,
                11.52109
              ],
              [
                8.113989,
                11.522285
              ],
              [
                8.114466,
                11.521698
              ],
              [
                8.120997,
                11.520208
              ],
              [
                8.150081,
                11.51917
              ],
              [
                8.158366,
                11.509227
              ],
              [
                8.161789,
                11.505537
              ],
              [
                8.162473,
                11.503106
              ],
              [
                8.161703,
                11.497153
              ],
              [
                8.158965,
                11.495224
              ],
              [
                8.156092,
                11.492376
              ],
              [
                8.152455,
                11.489022
              ],
              [
                8.153453,
                11.485738
              ],
              [
                8.153881,
                11.477423
              ],
              [
                8.148747,
                11.468688
              ],
              [
                8.142885,
                11.460318
              ],
              [
                8.14039,
                11.456754
              ],
              [
                8.142558,
                11.437099
              ],
              [
                8.143325,
                11.420268
              ],
              [
                8.14058,
                11.416289
              ],
              [
                8.128577,
                11.41128
              ],
              [
                8.113722,
                11.408484
              ],
              [
                8.117245,
                11.402502
              ],
              [
                8.118743,
                11.398448
              ],
              [
                8.120668,
                11.394674
              ],
              [
                8.122308,
                11.391738
              ],
              [
                8.122914,
                11.386673
              ],
              [
                8.137068,
                11.380693
              ],
              [
                8.14333,
                11.377935
              ],
              [
                8.146134,
                11.37732
              ],
              [
                8.149932,
                11.375393
              ],
              [
                8.148754,
                11.373382
              ],
              [
                8.154324,
                11.36953
              ],
              [
                8.165246,
                11.362968
              ],
              [
                8.167449,
                11.354344
              ],
              [
                8.175465,
                11.34838
              ],
              [
                8.187391,
                11.34061
              ],
              [
                8.193456,
                11.33382
              ],
              [
                8.197249,
                11.328304
              ],
              [
                8.200243,
                11.324358
              ],
              [
                8.206781,
                11.318702
              ],
              [
                8.216728,
                11.322894
              ],
              [
                8.226757,
                11.325946
              ],
              [
                8.237367,
                11.327065
              ],
              [
                8.241018,
                11.326562
              ],
              [
                8.248776,
                11.325723
              ],
              [
                8.250601,
                11.323765
              ],
              [
                8.251171,
                11.322199
              ],
              [
                8.25294,
                11.318955
              ],
              [
                8.254252,
                11.317221
              ],
              [
                8.255681,
                11.315036
              ],
              [
                8.258606,
                11.312858
              ],
              [
                8.264405,
                11.313231
              ],
              [
                8.263455,
                11.310248
              ],
              [
                8.262124,
                11.307358
              ],
              [
                8.260032,
                11.304188
              ],
              [
                8.258511,
                11.30223
              ],
              [
                8.256324,
                11.301205
              ],
              [
                8.255564,
                11.298408
              ],
              [
                8.254708,
                11.295797
              ],
              [
                8.254898,
                11.291602
              ],
              [
                8.256419,
                11.284516
              ],
              [
                8.257275,
                11.279668
              ],
              [
                8.260703,
                11.276323
              ],
              [
                8.26304,
                11.276537
              ],
              [
                8.266079,
                11.277424
              ],
              [
                8.269526,
                11.276842
              ],
              [
                8.273091,
                11.276492
              ],
              [
                8.274208,
                11.277891
              ],
              [
                8.276632,
                11.277751
              ],
              [
                8.278024,
                11.274904
              ],
              [
                8.281837,
                11.271947
              ],
              [
                8.286116,
                11.268241
              ],
              [
                8.287372,
                11.264617
              ],
              [
                8.287756,
                11.262017
              ],
              [
                8.287827,
                11.25894
              ],
              [
                8.289467,
                11.257751
              ],
              [
                8.291677,
                11.256003
              ],
              [
                8.290964,
                11.252366
              ],
              [
                8.291431,
                11.251148
              ],
              [
                8.293745,
                11.249499
              ],
              [
                8.293638,
                11.245503
              ],
              [
                8.293981,
                11.242482
              ],
              [
                8.295863,
                11.237838
              ],
              [
                8.297908,
                11.234224
              ],
              [
                8.308209,
                11.235435
              ],
              [
                8.314983,
                11.232847
              ],
              [
                8.319617,
                11.230399
              ],
              [
                8.322969,
                11.228511
              ],
              [
                8.325179,
                11.227182
              ],
              [
                8.33067,
                11.227951
              ],
              [
                8.334021,
                11.22949
              ],
              [
                8.335162,
                11.231728
              ],
              [
                8.336172,
                11.23328
              ],
              [
                8.345848,
                11.230251
              ],
              [
                8.353395,
                11.227366
              ],
              [
                8.355742,
                11.226987
              ],
              [
                8.359307,
                11.22658
              ],
              [
                8.365962,
                11.226813
              ],
              [
                8.369499,
                11.226597
              ],
              [
                8.37263,
                11.226666
              ],
              [
                8.372934,
                11.226673
              ],
              [
                8.3744,
                11.226705
              ],
              [
                8.387699,
                11.227106
              ],
              [
                8.389493,
                11.22716
              ],
              [
                8.393926,
                11.227649
              ],
              [
                8.398439,
                11.227756
              ],
              [
                8.402927,
                11.227862
              ],
              [
                8.408948,
                11.229662
              ],
              [
                8.411518,
                11.229945
              ],
              [
                8.41507,
                11.230648
              ],
              [
                8.416889,
                11.230591
              ],
              [
                8.416957,
                11.230589
              ],
              [
                8.421122,
                11.23057
              ],
              [
                8.428039,
                11.229101
              ],
              [
                8.433814,
                11.226583
              ],
              [
                8.437879,
                11.216792
              ],
              [
                8.437781,
                11.210021
              ],
              [
                8.443411,
                11.205913
              ],
              [
                8.446081,
                11.204541
              ],
              [
                8.447175,
                11.203978
              ],
              [
                8.447523,
                11.203216
              ],
              [
                8.447886,
                11.20284
              ],
              [
                8.450591,
                11.196914
              ],
              [
                8.451292,
                11.195509
              ],
              [
                8.457492,
                11.184109
              ],
              [
                8.461872,
                11.171767
              ],
              [
                8.464653,
                11.169598
              ],
              [
                8.466864,
                11.168129
              ],
              [
                8.470072,
                11.169318
              ],
              [
                8.473281,
                11.16666
              ],
              [
                8.477916,
                11.164981
              ],
              [
                8.483406,
                11.161623
              ],
              [
                8.487399,
                11.161623
              ],
              [
                8.49182,
                11.162533
              ],
              [
                8.497596,
                11.162603
              ],
              [
                8.502088,
                11.158895
              ],
              [
                8.506108,
                11.158209
              ],
              [
                8.509004,
                11.158615
              ],
              [
                8.510929,
                11.160465
              ],
              [
                8.514645,
                11.163043
              ],
              [
                8.518702,
                11.162323
              ],
              [
                8.514775,
                11.157344
              ],
              [
                8.512997,
                11.153928
              ],
              [
                8.509931,
                11.1512
              ],
              [
                8.50822,
                11.141965
              ],
              [
                8.506047,
                11.132236
              ],
              [
                8.513275,
                11.122157
              ],
              [
                8.519632,
                11.114907
              ],
              [
                8.533952,
                11.107328
              ],
              [
                8.541663,
                11.104601
              ],
              [
                8.546481,
                11.102495
              ],
              [
                8.555418,
                11.101072
              ],
              [
                8.559245,
                11.099766
              ],
              [
                8.570589,
                11.094416
              ],
              [
                8.574082,
                11.09283
              ],
              [
                8.58373,
                11.087153
              ],
              [
                8.589246,
                11.08506
              ],
              [
                8.589626,
                11.084881
              ],
              [
                8.589948,
                11.082134
              ],
              [
                8.590613,
                11.082128
              ],
              [
                8.591583,
                11.081723
              ],
              [
                8.59242,
                11.081555
              ],
              [
                8.593282,
                11.081702
              ],
              [
                8.594639,
                11.082516
              ],
              [
                8.595472,
                11.081872
              ],
              [
                8.601548,
                11.076898
              ],
              [
                8.607312,
                11.071241
              ],
              [
                8.607906,
                11.067567
              ],
              [
                8.608679,
                11.054213
              ],
              [
                8.609392,
                11.045465
              ],
              [
                8.609867,
                11.040333
              ],
              [
                8.611052,
                11.031878
              ],
              [
                8.614759,
                11.01774
              ],
              [
                8.609911,
                11.013961
              ],
              [
                8.60751,
                11.011418
              ],
              [
                8.598995,
                11.00206
              ],
              [
                8.598157,
                10.99271
              ],
              [
                8.597115,
                10.98918
              ],
              [
                8.594909,
                10.98561
              ],
              [
                8.593906,
                10.98092
              ],
              [
                8.591823,
                10.97386
              ],
              [
                8.588533,
                10.96792
              ],
              [
                8.586572,
                10.95737
              ],
              [
                8.583364,
                10.94911
              ],
              [
                8.58128,
                10.94205
              ],
              [
                8.576827,
                10.93607
              ],
              [
                8.573579,
                10.92897
              ],
              [
                8.571494,
                10.92191
              ],
              [
                8.570493,
                10.91722
              ],
              [
                8.568488,
                10.907468
              ],
              [
                8.578003,
                10.907412
              ],
              [
                8.58077,
                10.901694
              ],
              [
                8.58077,
                10.897901
              ],
              [
                8.583741,
                10.887982
              ],
              [
                8.585043,
                10.861488
              ],
              [
                8.581478,
                10.85892
              ],
              [
                8.579339,
                10.854251
              ],
              [
                8.5772,
                10.848416
              ],
              [
                8.575536,
                10.845381
              ],
              [
                8.573902,
                10.842084
              ],
              [
                8.573189,
                10.839633
              ],
              [
                8.573845,
                10.831285
              ],
              [
                8.574666,
                10.82916
              ],
              [
                8.575011,
                10.827248
              ],
              [
                8.574998,
                10.827132
              ],
              [
                8.572491,
                10.827639
              ],
              [
                8.570465,
                10.828095
              ],
              [
                8.570002,
                10.82821
              ],
              [
                8.5684,
                10.827916
              ],
              [
                8.567782,
                10.827702
              ],
              [
                8.567459,
                10.827487
              ],
              [
                8.566971,
                10.827184
              ],
              [
                8.567435,
                10.825492
              ],
              [
                8.567595,
                10.823741
              ],
              [
                8.567459,
                10.821342
              ],
              [
                8.567525,
                10.820941
              ],
              [
                8.568086,
                10.819979
              ],
              [
                8.568351,
                10.819082
              ],
              [
                8.569152,
                10.817374
              ],
              [
                8.563054,
                10.816451
              ],
              [
                8.56253,
                10.796453
              ],
              [
                8.558668,
                10.789157
              ],
              [
                8.559262,
                10.784633
              ],
              [
                8.562845,
                10.778315
              ],
              [
                8.566476,
                10.776153
              ],
              [
                8.572947,
                10.773654
              ],
              [
                8.573398,
                10.768674
              ],
              [
                8.572532,
                10.763574
              ],
              [
                8.571754,
                10.758985
              ],
              [
                8.571494,
                10.753885
              ],
              [
                8.571581,
                10.750485
              ],
              [
                8.571637,
                10.748272
              ],
              [
                8.568899,
                10.74785
              ],
              [
                8.558517,
                10.74207
              ],
              [
                8.554797,
                10.740115
              ],
              [
                8.550038,
                10.738415
              ],
              [
                8.544588,
                10.735865
              ],
              [
                8.539379,
                10.733443
              ],
              [
                8.520602,
                10.731401
              ],
              [
                8.50143,
                10.725784
              ],
              [
                8.487549,
                10.719619
              ],
              [
                8.481234,
                10.715862
              ],
              [
                8.483955,
                10.709257
              ],
              [
                8.489664,
                10.702865
              ],
              [
                8.489837,
                10.697424
              ],
              [
                8.497383,
                10.67978
              ],
              [
                8.498229,
                10.664693
              ],
              [
                8.500997,
                10.660527
              ],
              [
                8.507399,
                10.655851
              ],
              [
                8.50692,
                10.653515
              ],
              [
                8.50633,
                10.650457
              ],
              [
                8.509544,
                10.647911
              ],
              [
                8.514212,
                10.643323
              ],
              [
                8.519031,
                10.641695
              ],
              [
                8.522646,
                10.637551
              ],
              [
                8.530476,
                10.634739
              ],
              [
                8.533057,
                10.633424
              ],
              [
                8.534542,
                10.632667
              ],
              [
                8.543729,
                10.631779
              ],
              [
                8.553935,
                10.636182
              ],
              [
                8.582732,
                10.641333
              ],
              [
                8.587532,
                10.642533
              ],
              [
                8.593647,
                10.645065
              ],
              [
                8.600854,
                10.643814
              ],
              [
                8.615607,
                10.639752
              ],
              [
                8.616595,
                10.639072
              ],
              [
                8.62808,
                10.634655
              ],
              [
                8.638812,
                10.630528
              ],
              [
                8.64393,
                10.63048
              ],
              [
                8.649562,
                10.624066
              ],
              [
                8.656371,
                10.610675
              ],
              [
                8.660873,
                10.6019
              ],
              [
                8.666434,
                10.593303
              ],
              [
                8.683901,
                10.571553
              ],
              [
                8.703522,
                10.54934
              ],
              [
                8.711128,
                10.543359
              ],
              [
                8.719495,
                10.548593
              ],
              [
                8.728101,
                10.555011
              ],
              [
                8.736037,
                10.56093
              ],
              [
                8.749727,
                10.565042
              ],
              [
                8.758464,
                10.573134
              ],
              [
                8.760375,
                10.581864
              ],
              [
                8.765129,
                10.584668
              ],
              [
                8.770643,
                10.587285
              ],
              [
                8.779194,
                10.598132
              ],
              [
                8.783177,
                10.596969
              ],
              [
                8.79308,
                10.565463
              ],
              [
                8.79098,
                10.560162
              ],
              [
                8.788272,
                10.553327
              ],
              [
                8.784286,
                10.543265
              ],
              [
                8.782862,
                10.533326
              ],
              [
                8.781909,
                10.526674
              ],
              [
                8.782135,
                10.525884
              ],
              [
                8.775269,
                10.519115
              ],
              [
                8.774614,
                10.517222
              ],
              [
                8.773663,
                10.513786
              ],
              [
                8.773012,
                10.510183
              ],
              [
                8.77305,
                10.504462
              ],
              [
                8.774162,
                10.501097
              ],
              [
                8.77611,
                10.496257
              ],
              [
                8.776749,
                10.479469
              ],
              [
                8.772653,
                10.474007
              ],
              [
                8.771645,
                10.472663
              ],
              [
                8.771492,
                10.472519
              ],
              [
                8.767081,
                10.468377
              ],
              [
                8.763945,
                10.465431
              ],
              [
                8.761755,
                10.462705
              ],
              [
                8.758337,
                10.457863
              ],
              [
                8.752846,
                10.454558
              ],
              [
                8.749398,
                10.445198
              ],
              [
                8.74922,
                10.440698
              ],
              [
                8.750325,
                10.440434
              ],
              [
                8.751623,
                10.440123
              ],
              [
                8.753617,
                10.439646
              ],
              [
                8.755221,
                10.43912
              ],
              [
                8.756975,
                10.435713
              ],
              [
                8.75756,
                10.435002
              ],
              [
                8.761548,
                10.432288
              ],
              [
                8.762534,
                10.432126
              ],
              [
                8.764976,
                10.431726
              ],
              [
                8.765025,
                10.430413
              ],
              [
                8.767283,
                10.427725
              ],
              [
                8.770195,
                10.428134
              ],
              [
                8.773693,
                10.427098
              ],
              [
                8.774303,
                10.426917
              ],
              [
                8.775127,
                10.426673
              ],
              [
                8.776541,
                10.425892
              ],
              [
                8.778038,
                10.424219
              ],
              [
                8.782257,
                10.42416
              ],
              [
                8.793086,
                10.410718
              ],
              [
                8.793907,
                10.408478
              ],
              [
                8.793372,
                10.407882
              ],
              [
                8.792731,
                10.407601
              ],
              [
                8.793016,
                10.406795
              ],
              [
                8.793337,
                10.406094
              ],
              [
                8.794121,
                10.405743
              ],
              [
                8.793551,
                10.405182
              ],
              [
                8.793087,
                10.404761
              ],
              [
                8.793016,
                10.404235
              ],
              [
                8.793764,
                10.403814
              ],
              [
                8.794228,
                10.403604
              ],
              [
                8.793622,
                10.403008
              ],
              [
                8.793693,
                10.402412
              ],
              [
                8.794498,
                10.402186
              ],
              [
                8.795547,
                10.402201
              ],
              [
                8.796367,
                10.402517
              ],
              [
                8.796902,
                10.403043
              ],
              [
                8.797686,
                10.402342
              ],
              [
                8.798328,
                10.40171
              ],
              [
                8.798114,
                10.401219
              ],
              [
                8.797151,
                10.400904
              ],
              [
                8.796652,
                10.400378
              ],
              [
                8.796224,
                10.400238
              ],
              [
                8.795939,
                10.399817
              ],
              [
                8.795547,
                10.399396
              ],
              [
                8.796438,
                10.398905
              ],
              [
                8.797361,
                10.398772
              ],
              [
                8.797864,
                10.398905
              ],
              [
                8.798221,
                10.398169
              ],
              [
                8.799077,
                10.397502
              ],
              [
                8.799362,
                10.396626
              ],
              [
                8.799899,
                10.396228
              ],
              [
                8.800253,
                10.395854
              ],
              [
                8.801073,
                10.395644
              ],
              [
                8.801679,
                10.394978
              ],
              [
                8.802214,
                10.394452
              ],
              [
                8.802856,
                10.394241
              ],
              [
                8.803355,
                10.393329
              ],
              [
                8.803747,
                10.392838
              ],
              [
                8.804353,
                10.393049
              ],
              [
                8.805102,
                10.392803
              ],
              [
                8.805387,
                10.393189
              ],
              [
                8.806207,
                10.393186
              ],
              [
                8.806599,
                10.393224
              ],
              [
                8.806991,
                10.392453
              ],
              [
                8.807597,
                10.392067
              ],
              [
                8.807419,
                10.391366
              ],
              [
                8.807348,
                10.390875
              ],
              [
                8.806884,
                10.390349
              ],
              [
                8.806884,
                10.389788
              ],
              [
                8.806742,
                10.389402
              ],
              [
                8.8061,
                10.389297
              ],
              [
                8.805672,
                10.388736
              ],
              [
                8.805316,
                10.388069
              ],
              [
                8.80585,
                10.387649
              ],
              [
                8.806973,
                10.387366
              ],
              [
                8.807597,
                10.387368
              ],
              [
                8.808275,
                10.386807
              ],
              [
                8.808894,
                10.386257
              ],
              [
                8.809095,
                10.385439
              ],
              [
                8.809051,
                10.384449
              ],
              [
                8.809487,
                10.383475
              ],
              [
                8.809986,
                10.382634
              ],
              [
                8.810236,
                10.382003
              ],
              [
                8.810307,
                10.381231
              ],
              [
                8.810735,
                10.38074
              ],
              [
                8.811932,
                10.380297
              ],
              [
                8.81312,
                10.379782
              ],
              [
                8.814498,
                10.38011
              ],
              [
                8.815544,
                10.380437
              ],
              [
                8.816923,
                10.380343
              ],
              [
                8.818318,
                10.380446
              ],
              [
                8.810799,
                10.367889
              ],
              [
                8.805095,
                10.355614
              ],
              [
                8.804025,
                10.345443
              ],
              [
                8.801093,
                10.338476
              ],
              [
                8.800216,
                10.329859
              ],
              [
                8.799275,
                10.322872
              ],
              [
                8.800045,
                10.316138
              ],
              [
                8.799275,
                10.308393
              ],
              [
                8.799275,
                10.302921
              ],
              [
                8.795767,
                10.299049
              ],
              [
                8.795483,
                10.29869
              ],
              [
                8.794569,
                10.297533
              ],
              [
                8.790718,
                10.293492
              ],
              [
                8.78336,
                10.290293
              ],
              [
                8.769242,
                10.285158
              ],
              [
                8.763423,
                10.281369
              ],
              [
                8.757263,
                10.280106
              ],
              [
                8.749562,
                10.280948
              ],
              [
                8.742437,
                10.27814
              ],
              [
                8.738592,
                10.27797
              ],
              [
                8.734277,
                10.275103
              ],
              [
                8.732551,
                10.266824
              ],
              [
                8.72995,
                10.254352
              ],
              [
                8.728684,
                10.24828
              ],
              [
                8.724533,
                10.243648
              ],
              [
                8.712531,
                10.230252
              ],
              [
                8.70077,
                10.222043
              ],
              [
                8.699126,
                10.220896
              ],
              [
                8.689218,
                10.213559
              ],
              [
                8.686073,
                10.21123
              ],
              [
                8.683296,
                10.192957
              ],
              [
                8.680872,
                10.177011
              ],
              [
                8.678201,
                10.168618
              ],
              [
                8.672031,
                10.146223
              ],
              [
                8.673172,
                10.137614
              ],
              [
                8.672126,
                10.128816
              ],
              [
                8.67165,
                10.124605
              ],
              [
                8.672126,
                10.119176
              ],
              [
                8.672411,
                10.107945
              ],
              [
                8.67233,
                10.093137
              ],
              [
                8.672268,
                10.081737
              ],
              [
                8.673796,
                10.067531
              ],
              [
                8.679474,
                10.01473
              ],
              [
                8.679644,
                10.011052
              ],
              [
                8.679919,
                10.00509
              ],
              [
                8.676608,
                9.993362
              ],
              [
                8.67303,
                9.987412
              ],
              [
                8.664924,
                9.963902
              ],
              [
                8.646599,
                9.905199
              ],
              [
                8.644794,
                9.901026
              ],
              [
                8.638149,
                9.885661
              ],
              [
                8.634692,
                9.866834
              ],
              [
                8.639313,
                9.855808
              ],
              [
                8.641306,
                9.848201
              ],
              [
                8.642165,
                9.844919
              ],
              [
                8.643948,
                9.834732
              ],
              [
                8.643335,
                9.829297
              ],
              [
                8.642878,
                9.825247
              ],
              [
                8.64266,
                9.816433
              ],
              [
                8.642522,
                9.810844
              ],
              [
                8.64339,
                9.789242
              ],
              [
                8.643948,
                9.77536
              ],
              [
                8.635091,
                9.757602
              ],
              [
                8.633609,
                9.75463
              ],
              [
                8.61943,
                9.746335
              ],
              [
                8.61811,
                9.745573
              ],
              [
                8.616753,
                9.74479
              ],
              [
                8.615465,
                9.742396
              ],
              [
                8.61064,
                9.74126
              ],
              [
                8.59886,
                9.727924
              ],
              [
                8.601522,
                9.715275
              ],
              [
                8.601879,
                9.706138
              ],
              [
                8.601879,
                9.690676
              ],
              [
                8.600691,
                9.685699
              ],
              [
                8.599026,
                9.678727
              ],
              [
                8.59235,
                9.677997
              ],
              [
                8.585888,
                9.677026
              ],
              [
                8.581623,
                9.675818
              ],
              [
                8.58006,
                9.672734
              ],
              [
                8.583378,
                9.668946
              ],
              [
                8.583304,
                9.665999
              ],
              [
                8.585203,
                9.664377
              ],
              [
                8.577814,
                9.656409
              ],
              [
                8.574191,
                9.648409
              ],
              [
                8.570386,
                9.640007
              ],
              [
                8.565616,
                9.624315
              ],
              [
                8.566984,
                9.613977
              ],
              [
                8.566905,
                9.603411
              ],
              [
                8.565864,
                9.596554
              ],
              [
                8.562284,
                9.590603
              ],
              [
                8.560451,
                9.588592
              ],
              [
                8.555676,
                9.581568
              ],
              [
                8.555038,
                9.580629
              ],
              [
                8.55365,
                9.568984
              ],
              [
                8.554399,
                9.564628
              ],
              [
                8.556286,
                9.553658
              ],
              [
                8.561684,
                9.54059
              ],
              [
                8.565772,
                9.527464
              ],
              [
                8.568529,
                9.519682
              ],
              [
                8.574328,
                9.513681
              ],
              [
                8.575469,
                9.509461
              ],
              [
                8.577751,
                9.499241
              ]
            ]
          ]
        ]
      },
      "properties": {
        "statename": "Kaduna",
        "statecode": "KD",
        "geozone": "NWZ",
        "capcity": "Kaduna"
      }
    }
  ]
}